institution,location,country,website,status
Abia State University,Abia State,Nigeria,http://absu.edu.ng/,Full Member
Abm University College,Gaborone,Botswana,https://abm.ac.bw,Associate Member
Abrar University,Mogadishu,Somalia,https://abrar.edu.so,Associate Member
Abubakar Tafawa Balewa University,Bauchi,Nigeria,http://www.atbu.edu.ng/,Full Member
Accra Institute Of Technology,Accra,Ghana,http://ait-edu.us/,Full Member
Accra Technical University,Accra,Ghana,https://atu.edu.gh,Full Member
"Adamawa State University,",Mudi,Nigeria,http://www.adamawastateuni.com/,Full Member
Addis Ababa Science And Technology University,Addis Ababa,Ethiopia,http://www.aastu.edu.et,Full Member
Addis Ababa University,Addis Ababa,Ethiopia,http://www.aau.edu.et,Full Member
Adekunle Ajasin University,Akungba-akoko,Nigeria,http://www.adekunleajasinuniversity.edu.ng/,Full Member
Admiralty University Of Nigeria,Delta State,Nigeria,https://adun.edu.ng/,Associate Member
"Afe Babalola University, Ado Ekiti (abuad)",Ado Ekiti,Nigeria,http://www.abuad.edu.ng,Full Member
Afi/l’université De L’entreprise En Abrégé (afi/l’ue),Zone B Dakar,Sénégal,https://www.afi-ue.sn/,Full Member
Africa International University,Khartoum,Sudan,https://www.iua.edu.sd/,Full Member
Africa University,Mutare,Zimbabwe,http://www.africau.edu/,Full Member
African University College Of Communication,Accra,Ghana,http://www.aucc.edu.gh,Full Member
"African University Of Science And Technology, Abuja",Abuja,Nigeria,https://aust.edu.ng,Associate Member
African Virtual University,Nairobi,Kenya,http://www.avu.org,Associate Member
Agitel - Formation,Abidjan 03,CÔte D'ivoire,http://www.agitel.ci,Full Member
Ahfad University For Women,Omdurman,Sudan,http://www.ahfad.net/,Full Member
Ahmadu Bello University,Zaria,Nigeria,http://abu.edu.ng/,Full Member
Ain Shams University,Cairo,Egypt,http://www.asu.edu.eg/,Full Member
Ajayi Crowther University,Oyo Town,Nigeria,https://acu.edu.ng,Full Member
Al Asmariya Univ. Of Islamic Sciences,Zliten,Libya,http://asmarya.edu.ly,Full Member
Al Fashir University,Durfur,Sudan,http://fashir.edu.sd/,Full Member
Al Neelain University,Khartoum 12702,Sudan,http://www.neelain.edu.sd/,Full Member
Al-azhar University,Cairo,Egypt,http://www.azhar.edu.eg/en/,Full Member
Al-fateh University,Tripoli,Libya,https://uot.edu.ly/,Full Member
Al-hikmah University,Ilorin,Nigeria,https://alhikmahuniversity.edu.ng,Full Member
Alexandria Higher Institute Of Engineering & Technology (aiet),Alexandria,Egypt,http://www.aiet.edu.eg/,Full Member
Alexandria University,Alexandria,Egypt,https://alexu.edu.eg/,Full Member
All Nations University College,Koforidua,Ghana,https://anu.edu.gh,Full Member
Alzaiem Alazhari University,Omdurman,Sudan,http://www.aau.edu.sd/,Full Member
Ambrose Alli University,Ekpoma,Nigeria,http://www.aauekpoma.edu.ng/,Full Member
American International University,Banjul,The Gambia,http://www.aiu.edu.gm,Full Member
Ardhi University,Dar Es Salaam,Tanzania,http://www.aru.ac.tz/,Full Member
Ashesi University College,Accra,Ghana,https://www.ashesi.edu.gh/,Full Member
Assiut University,Assiut,Egypt,http://www.aun.edu.eg/,Full Member
Aswan University,Aswan,Egypt,http://www.aswu.edu.eg/,Full Member
Babcock University,Ikeja,Nigeria,https://babcock.edu.ng,Full Member
Bayan College Of Science And Technology,Khartoum,Sudan,http://www.bayantech.edu,Associate Member
Bayero University,Kano,Nigeria,http://www.buk.edu.ng,Full Member
"Bells University Of Technology, Ota",Ogun State,Nigeria,http://www.bellsuniversity.org/,Full Member
Benadir University,Mogadishu,Somalia,https://bu.edu.so/,Associate Member
Benha University,Benha,Egypt,http://www.bu.edu.eg/,Full Member
Bindura University Of Science Education,Bindura,Zimbabwe,http://www.buse.ac.zw,Full Member
Bluecrest College,Accra,Ghana,https://bluecrest.edu.gh/,Associate Member
Botho University,Gaborone,Botswana,https://www.bothouniversity.com/,Full Member
Botswana Accountancy College,Gaborone,Botswana,http://www.bac.ac.bw/,Full Member
Botswana International University Of Science And Technology,Palapye,Botswana,https://www.biust.ac.bw,Full Member
Botswana University Of Agriculture And Natural Resources,Gaborone,Botswana,https://buan.ac.bw,Full Member
Bowen University,Iwo,Nigeria,http://bowenuniversity.edu.ng,Full Member
Bugema University,Kampala,Uganda,www.bugemauniv.ac.ug,Full Member
Bule Hora University,Oromia,Ethiopia,http://www.bhu.edu.et/,Full Member
Bunda College Of Agriculture,Bunda,Malawi,http://www.luanar.ac.mw,Full Member
Busitema University,Tororo,Uganda,https://busitema.ac.ug/,Full Member
Cairo University,Cairo,Egypt,http://www.cu.edu.eg,Full Member
Capital University Of Somalia,"Mogadishu,",Somalia,https://capitaluniversity.edu.so,Full Member
Carnegie Mellon University,Kigali,Rwanda,http://www.cmu.edu/rwanda/,Full Member
Catholic University Of Mozambique,Beira,Mozambique,http://www.ucm.ac.mz,Full Member
Catholic University Of Zimbabwe,Harare,Zimbabwe,http://cuz.ac.zw/,Full Member
Cavendish University,Lusaka,Zambia,https://www.cavendishza.org,Full Member
Central University College,Accra,Ghana,http://www.centraluniversity.org,Full Member
"Central University Of Technology, Free State",Bloemfontein 9301,South Africa,https://www.cut.ac.za/,Full Member
Chinhoyi University Of Technology,Chinhoyi,Zimbabwe,http://www.cut.ac.zw/,Full Member
Chreso University,Lusaka,Zambia,https://chresouniversity.edu.zm/,Associate Member
College Of Business Education,Dodoma,Tanzania,https://www.cbe.ac.tz,Full Member
Copperbelt University,Kitwe,Zambia,http://www.cbu.edu.zm,Full Member
Council On Higher Education,Persequor Park 0020,South Africa,https://www.che.ac.za/,Associate Member
Covenant University,"Ota, Km. 10 Idiroko Road, Canaan Land",Nigeria,http://www.covenantuniversity.edu.ng/,Full Member
Crawford University,Igbesa,Nigeria,https://crawforduniversity.edu.ng/crawford/,Associate Member
Cross River University Of Technology,Calabar,Nigeria,https://www.crutech.edu.ng/,Full Member
Cuttington University College,Monrovia,Liberia,http://cuttingtonuniversity.edu.lr/,Full Member
Daystar University College,Nairobi,Kenya,https://www.daystar.ac.ke,Full Member
Dedan Kimathi University Of Technology,Nyeri,Kenya,http://www.dkut.ac.ke/,Full Member
"Delta State University, Abraka",Abraka,Nigeria,https://www.delsu.edu.ng/,Full Member
Dire Dawa University,Dire Dawa,Ethiopia,https://www.ddu.edu.et/,Full Member
Dmi-st. Eugene University,Lusaka,Zambia,https://www.dmiseu.edu.zm,Full Member
Dmi-st. John The Baptist University (dmisjbu),Mangochi,Malawi,https://www.dmisjbu.edu.mw,Full Member
Dominion University College,Accra,Ghana,https://duc.edu.gh/,Full Member
Durban University Of Technology,Durban,South Africa,https://www.dut.ac.za,Full Member
East Africa University,Bosaso,Somalia,https://www.eastafricauniversity.net,Full Member
"Ebonyi State University, Abakaliki",Abakaliki,Nigeria,http://www.ebsu-edu.net,Full Member
Ecole De Gouvernance Et D'economie De Rabat,Rabat,Morocco,http://www.egerabat.com,Full Member
Ecole Des Cadres,Lome,Togo,http://www.ecoledescadrestogo.com/,Associate Member
"Ecole Des Mines, De L’industrie Et De La Géologie (emig)",Niamey,Niger,http://www.emig-niger.org,Full Member
Ecole Nationale Superieure Des Travaux Publics De Yaoundé,Yaoundé,Cameroun,https://enstp.cm/,Full Member
Ecole Normale Supérieure,Bujumbura,Burundi,http://www.ens.bi/,Full Member
Ecole Normale Supérieure De Nouakchott,Nouakchott,Mauritania,https://www.ens.mr,Full Member
Ecole Superieure Polytechnique D'antsiranana,Antisiranana,Madagascar,https://www.esp-antsiranana.mg/,Associate Member
Edexcel University,Ifangni,Benin,http://www.edexceluni.org/,Full Member
"Edo State University, Uzairue",Auchi,Nigeria,http://www.edouniversity.edu.ng,Full Member
Egerton University,Njoro,Kenya,http://www.egerton.ac.ke/,Full Member
Egypt-japan University Of Science And Technology,Alexandria,Egypt,http://www.ejust.edu.eg/,Associate Member
"Ekiti State University, Ado Ekiti",Ado Ekiti State,Nigeria,https://eksu.edu.ng,Full Member
El Imam El Mahdi University,Kosti,Sudan,http://www.mahdi.edu.sd/,Full Member
Elizade University,"Ilara-mokin, Ondo State",Nigeria,https://www.elizadeuniversity.edu.ng,Full Member
Enugu State University Of Science Technology,Enugu,Nigeria,http://www.esut.edu.ng/,Full Member
Ethiopian Civil Service University,Addis Ababa,Ethiopia,http://www.ecsu.edu.et,Full Member
Euclid University (euclid),Bangui,Central African Rep.,https://www.euclid.int,Full Member
Faculty Of Islamic Call,Tripoli,Libya,http://www.islamic-call.org,Associate Member
Federal Polytechnic Oko,Oko,Nigeria,https://federalpolyoko.edu.ng/,Full Member
"Federal University Of Agriculture, Abeokuta",Abeokuta,Nigeria,http://www.unaab.edu.ng,Full Member
"Federal University Of Technology, Akure",Akure,Nigeria,http://www.futa.edu.ng/,Full Member
"Federal University Of Technology, Minna","Minna, 920001",Nigeria,http://www.futminna.net/,Full Member
"Federal University Of Technology, Owerri",Owerri,Nigeria,https://futo.edu.ng/,Full Member
Federal University Oye- Ekiti,Ekiti,Nigeria,https://fuoye.edu.ng/,Full Member
Garden City University College,Kumasi,Ghana,https://www.gcuc.edu.gh/,Full Member
Ghana Institute Of Journalism,Accra,Ghana,https://gij.edu.gh/,Full Member
Ghana Institute Of Languages,Accra,Ghana,http://gil.edu.gh/,Full Member
Ghana Institute Of Management And Public Administration,Accra,Ghana,http://www.gimpa.edu.gh,Full Member
Gollis University,Hargeisa,Somalia,https://gollisuniversity.org/,Full Member
Gombe State University,Gombe,Nigeria,https://gsu.edu.ng/,Full Member
Graduate School Of Management,Abidjan,Côte D'ivoire,https://www.gradsm.net/,Associate Member
Great Zimbabwe University,Masvingo,Zimbabwe,https://www.gzu.ac.zw/,Full Member
Groupe Institut Supérieur De Commerce Et D'administration Des Entreprises (group Iscae),Casablanca,Morocco,https://www.groupeiscae.ma,Full Member
Gulf Medical University,Ajman,United Arab Emirates,https://gmu.ac.ae,Associate Member
Haramaya University,Dire Dawa,Ethiopia,http://www.haramaya.edu.et/,Full Member
Harare Institute Of Technology,Harare,Zimbabwe,https://www.hit.ac.zw/,Full Member
Hawassa University,Hawassa,Ethiopia,http://www.hu.edu.et,Full Member
Helwan University,"Helwan, Cairo",Egypt,http://www.helwan.edu.eg/,Full Member
Higher Institute Of Science And Technology Of Mozambique,Maputo,Mozambique,https://isctem.ac.mz/,Full Member
Himilo University,Mogadishu,Somalia,https://www.himilouniversity.edu.so/,Full Member
Ho Technical University,Ho,Ghana,https://www.htu.edu.gh,Full Member
Hormuud University,Mogadishu,Somalia,http://hu.edu.so,Associate Member
Horseed International University,Mogadishu,Somalia,http://www.hiu-edu.com/,Associate Member
Hubert Kairuki University,Dar Es Salaam,Tanzania,http://www.hkmu.ac.tz,Full Member
"Ibrahim Badamasi Babangida University,lapai",Lagos,Nigeria,https://ibbu.edu.ng/,Full Member
Igbinedion University,Benin City,Nigeria,https://www.iuokada.edu.ng/,Full Member
Imo State University,Owerri,Nigeria,https://imsuonline.edu.ng/,Full Member
Institut Africain De Santé Publique (iasp),Ouagadougou,Burkina Faso,https://iasp-bf.org/,Associate Member
Institut De Formation Aux Carrières De Santé,Casablanca,Morocco,http://efcsfes.simplesite.com/,Full Member
Institut Des Hautes Etudes De Tunis,Mutuelleville,Tunisia,http://www.ihet.ens.tn/,Full Member
Institut International D'ingénierie De L'eau Et De L'environnement,Ougadougou 01,Burkina Faso,https://www.auf.org/,Full Member
Institut International Des Sciences Et Technologie Sénégal,Dakar,Senegal,http://www.iist-hilight.com,Full Member
Institut Supérieur De L'informatique Et De Gestion (isig),Ouagadougou 06,Burkina Faso,http://www.isigk.rnu.tn/,Full Member
Institut Universitaire Du Golfe De Guinée,Douala,Cameroon,http://www.univ-iug.com,Full Member
Institut Universitaire D’abidjan,Abidjan,Côte D'ivoire,https://iua-ci.com,Full Member
Instituto Superior De Ciências De Educação à Distância (isced),Beira,Mozambique,https://isced.co,Associate Member
Instituto Superior Politecnico De Tecnologias E Ciencias,"Av. Luanda Sul, Luanda, Angola",Angola,https://www.isptec.co.ao,Associate Member
Inter-state School Of Veterinary Sciences And Medicine,Dakar,Senegal,eismv.org/?lang=en,Associate Member
International Centre For Insect Physiology And Ecology (icipe),Nairobi,Kenya,http://www.icipe.org,Full Member
International Open University,Kanifing South,The Gambia,https://iou.edu.gm/,Full Member
International University Of Africa,Khartoum,Sudan,https://www.iua.edu.sd,Full Member
International University Of Africa,Khartoum,Sudan,www.iua.edu.sd,Full Member
International University Of Grand-bassam,Grand-bassam,Côte D'ivoire,http://iugb.org/,Full Member
International University Of Management,Windhoek,Namibia,http://www.ium.edu.na,Full Member
Islamic University In Uganda,Mbale,Uganda,http://www.iuiu.ac.ug/,Full Member
Iu - International University Of Applied Sciences,Erfurt,Germany,http://www.iu.de,Associate Member
Jamhuriya University Of Science And Technology (just),Mogadishu,Somalia,https://just.edu.so,Full Member
Jazeera University,Mogadishu,Somalia,https://www.jazeerauniversity.com/,Full Member
Jimma University,Addis Ababa,Ethiopia,http://www.ju.edu.et/,Full Member
Jomo Kenyatta University Of Agric. & Technology,Nairobi,Kenya,http://www.jkuat.ac.ke,Full Member
Kabale University,Kabale,Uganda,https://www.kab.ac.ug/,Full Member
Kabridahar University,Kebri Dahar,Ethiopia,https://kdu.edu.et/,Associate Member
Kampala International University,Kampala,Uganda,https://www.kiu.ac.ug/,Full Member
Kca University,Nairobi,Kenya,https://www.kcau.ac.ke/,Full Member
Kenyatta University,Nairobi,Kenya,http://www.ku.ac.ke,Full Member
Kesmonds International University,Ngaoundere,Cameroon,https://kesmonds-edu.ac/,Associate Member
Koforidua Technical University,Koforidua,Ghana,https://www.ktu.edu.gh,Full Member
Kogi State University,Anyigba,Nigeria,http://www.ksu.edu.ng/,Full Member
Kumasi Technical University,Kumasi,Ghana,https://kstu.edu.gh/,Full Member
Kwame Nkrumah University Of Science And Technology,Kumasi,Ghana,http://www.knust.edu.gh,Full Member
Kwara State University,Ilorin,Nigeria,https://www.kwasu.edu.ng/,Full Member
"Kwararafa University, Wukari",Taraba State,Nigeria,https://kwararafauniversity.org,Associate Member
Ladoke Akintola University Of Technology,Ogbomoso,Nigeria,http://www.lautech.edu.ng,Full Member
Landmark University,Omu Aran,Nigeria,http://landmarkuniversity.edu.ng/,Associate Member
Lilongwe University Of Agriculture & Natural Resources (luanar),Lilongwe,Malawi,http://www.bunda.luanar.mw/,Full Member
Lincoln University College,Petaling Jaya,Malaysia,http://www.lincoln.edu.my,Associate Member
Lupane State University,Bulawayo,Zimbabwe,http://www.lsu.ac.zw/,Full Member
Lusaka Apex University,Lusaka,Zambia,http://lamu.edu.zm/,Full Member
Maflekumen Higher Institute Of Health Sciences,Tiko Fako Division,Cameroun,https://maflekumen-institute.org/,Full Member
Mahatma Gandhi University,"Kigali,",Rwanda,http://www.mgu.ac.rw/,Associate Member
Makerere University,Kampala,Uganda,http://www.mak.ac.ug,Full Member
Malawi University Of Science And Technology,Limbe,Malawi,https://www.must.ac.mw,Full Member
Manicaland State University Of Applied Sciences,Mutare,Zimbabwe,https://msuas.ac.zw,Full Member
Manicaland State University Of Applied Sciences (msuas),Mutare,Zimbabwe,https://msuas.ac.zw,Full Member
Mansoura University,Mansoura 35516,Egypt,http://www.mans.eun.eg,Full Member
Marodijeh University,Hargeisa,Somalia,http://www.miu.edu.so,Full Member
Maryam Abacha Université Américaine Du Niger,Maradi,Niger,http://maaun.net,Full Member
Maseno University,Maseno,Kenya,http://maseno.ac.ke/,Full Member
Masinde Muliro College Of Science And Technology,Maseno,Kenya,http://www.mmust.ac.ke,Full Member
Matrouh University,Matrouh,Egypt,http://www.mau.edu.eg/,Full Member
Mekelle University,Mekelle,Ethiopia,https://infomekelle.com/,Full Member
Menoufia University,Shebin El-kom,Egypt,http://mu.menofia.edu.eg/,Full Member
Meru University Of Science And Technology,Meru,Kenya,https://www.must.ac.ke/,Full Member
Methodist University College,Accra,Ghana,http://www.mucg.edu.gh,Full Member
"Michael Okpara University Of Agriculture, Umudike",Umuahia,Nigeria,http://mouau.edu.ng/,Full Member
Midlands State University,Gweru,Zimbabwe,https://ww5.msu.ac.zw/,Full Member
Minia University,El Minia,Egypt,http://www.minia.edu.eg/,Full Member
Misr University For Science & Technology,Cairo,Egypt,http://www.must.edu.eg,Full Member
Misurata University,Misurata,Libya,http://www.misuratau.edu.ly/,Full Member
"Modibbo University Of Technology, Yola",Yola Adamawa State,Nigeria,http://www.futy.edu.ng/,Full Member
Mogadishu University,Mogadishu,Somalia,http://www.mogadishuuniversity.com,Full Member
Mohammed Vi Polytechnic University,Ben Guerir,Morocco,https://www.um6p.ma/,Full Member
Moi University,Eldoret,Kenya,http://www.mu.ac.ke,Full Member
Mount Kenya University,Thika,Kenya,http://www.mku.ac.ke/,Full Member
Mountain Top University,"Ibafo, Ogun State",Nigeria,https://www.mtu.edu.ng,Full Member
Muhimbili University Of Health & Allied Science,"Dar Es Salaam,",Tanzania,http://www.muchs.ac.tz/,Full Member
Multimedia University Of Kenya,Nairobi,Kenya,https://www.mmu.ac.ke,Full Member
Mulungushi University,Kabwe,Zambia,http://www.mu.ac.zm/,Associate Member
Muslim University Of Morogoro,Morogoro,Tanzania,http://www.mum.ac.tz/,Full Member
Mzumbe University,Mzumbe,Tanzania,https://site.mzumbe.ac.tz,Full Member
Namibia University Of Science And Technology,Windhoek,Namibia,https://www.nust.na/,Full Member
"Nasarawa State University, Keffi",Keffi,Nigeria,http://www.nsukonline.net/,Full Member
National Institute Of Public Administration (nipa),Lusaka,Zambia,https://www.nipa.ac.zm,Full Member
National Open University Of Nigeria,Lagos,Nigeria,http://www. Nou.edu.ng,Full Member
National University Of Lesotho,Roma,Lesotho,http://www.nul.ls,Full Member
National University Of Science And Technology,Bulawayo,Zimbabwe,http://www.nust.ac.zw/,Full Member
National University Sudan,Khartoum,Sudan,https://nu.edu.sd/,Full Member
Ndejje University,Ndejje,Uganda,https://www.ndejjeuniversity.ac.ug/,Full Member
Nelson Mandela University,Port Elizabeth,South Africa,https://www.mandela.ac.za/,Full Member
"New Era College Of Arts, Science And Technology",Gaborone,Botswana,https://neweracollege.ac.bw/,Full Member
Niger Delta University,Bayelsa State,Nigeria,https://www.ndu.edu.ng/,Full Member
Nigerian Turkish Nile University,Abuja,Nigeria,https://www.nileuniversity.edu.ng,Full Member
Nile Valley University (wadi El-neel University),Khartoum,Sudan,http://www.nilevalley.edu.sd,Full Member
Njala University,Freetown,Sierra Leone,https://www.njala.edu.sl/,Full Member
Nnamdi Azikiwe University,Awka,Nigeria,http://www.unizik.edu.ng/,Full Member
North-west University,Potchefstroom 2520,South Africa,http://www.nwu.ac.za,Full Member
"Obafemi Awolowo University, Ile-ife",Ile-ife,Nigeria,http://www.oauife.edu.ng,Full Member
Obour High Institute,Obour City,Egypt,https://www.oi.edu.eg,Associate Member
October 6 University,October 6 City,Egypt,https://o6u.edu.eg/,Full Member
Olabisi Onabanjo University,Ago-iwoye,Nigeria,http://www.oouagoiwoye.edu.ng/,Full Member
Omdurman Ahlia University,Omdurman,Sudan,http://oau.edu.sd/,Full Member
Omdurman Islamic University,Omdurman,Sudan,http://www.oiu.edu.sd/,Full Member
Open University Of Mauritius,Reduit,Mauritius,http://www.open.ac.mu,Full Member
Osun State University,Osogbo,Nigeria,http://www.uniosun.edu.ng/,Full Member
Pan African Institute For Development - West Africa (paid-wa),Buea,Cameroon,https://www.paidafrica.org/paidwa,Full Member
Pan African University,Tlemcen,Ethiopia,https://pau-au.net/en/,Full Member
Pan-atlantic University,Lekki,Nigeria,http://www.pau.edu.ng,Full Member
Pentecost University,Accra,Ghana,https://www.pentvars.edu.gh,Full Member
Pharos University,Alexandria,Egypt,https://www.pua.edu.eg/,Full Member
Pigier Côte D'ivoire,Abidjan 01,Côte D'ivoire,https://www.pigierci.com,Full Member
Plasma University,Mogadishu,Somalia,https://plasmauniversity.net,Full Member
Poma International Business University,Igolo,Benin,http://pomauniversity.com/,Full Member
Presbyterian University College,Abetifi-kwahu,Ghana,http://www.presbyuniversity.edu.gh/,Full Member
Puntland State University,Garowe,Somalia,https://puntlandstateuniversity.com,Associate Member
Radford University College,Accra,Ghana,http://www.radforduc.edu.gh,Associate Member
Red Sea University,Port Sudan,Sudan,http://rsu.edu.sd,Full Member
"Red Sea University, Somalia",Puntland,Somalia,https://rsu.edu.so/,Full Member
"Redeemer's University (rccg, Run)",Mowe,Nigeria,https://run.edu.ng/,Full Member
Regent University College Of Science And Technology,Accra,Ghana,https://regent.edu.gh/,Full Member
Regional Maritime University,Accra,Ghana,http://www.rmu.edu.gh,Full Member
Rhodes University,Grahamstown 6140,South Africa,http://www.ru.ac.za,Full Member
Rivers State University Of Science & Technology,Port Harcourt,Nigeria,https://www.rsu.edu.ng/,Full Member
Rusangu University,Monze,Zambia,http://ru.edu.zm/,Full Member
Sebha University,Sebha,Libya,http://www.sebhau.edu.ly,Full Member
Sefako Makgatho Health Sciences University,Pretoria,South Africa,https://purerims.smu.ac.za,Full Member
Simad University,Mogadishu,Somalia,https://simad.edu.so/,Associate Member
Sokoine University Of Agriculture,Morogoro,Tanzania,http://www.suanet.ac.tz/,Full Member
Solusi University,Bulawayo,Zimbabwe,https://www.solusi.ac.zw/,Full Member
Somali International University,Mogadishu,Somalia,https://siu.edu.so,Full Member
South Eastern Kenya University,"Kitui, Kenya",Kenya,https://www.seku.ac.ke,Associate Member
South Valley University,Kena,Egypt,https://www.svu.edu.eg,Full Member
Southern African Nazarene University,Manzini,Eswatini,https://www.sanu.ac.sz/,Full Member
St Augustine University,Mwanza,Tanzania,http://www.saut.ac.tz,Full Member
St. Mary’s University,Addis Ababa,Ethiopia,https://www.smuc.edu.et,Full Member
Stella Maris Polytechnic University,Monrovia,Liberia,http://smp.edu.lr,Full Member
Strathmore University,Nairobi,Kenya,https://www.strathmore.edu,Full Member
Sudan Academy Of Sciences,Khartoum 2,Sudan,http://www.sas.edu.sd/,Full Member
Sudan International University,Khartoum,Sudan,http://www.siu-sd.com,Full Member
Sudan University Of Science And Technology,Khartoum,Sudan,http://www.sustech.edu/,Full Member
Suez Canal University,Ismailia,Egypt,http://scuegypt.edu.eg/en/,Full Member
Sule Lamido University,Jigawa,Nigeria,https://slu.edu.ng,Full Member
Supershine University,Lusaka,Zambia,http://www.supershineuniversity.net/,Associate Member
Takoradi Technical University,Takoradi,Ghana,https://ttu.edu.gh/,Full Member
Tamale Technical University,Tamale,Ghana,https://tatu.edu.gh/,Full Member
Tanta University,Tanta,Egypt,https://www.tanta.edu.eg/,Full Member
Texila American University,Lusaka,Zambia,https://zm.tauedu.org,Associate Member
The American University In Cairo,Cairo,Egypt,https://www.aucegypt.edu,Full Member
The British University In Egypt,Cairo,Egypt,https://www.bue.edu.eg/,Full Member
The Catholic University Of Eastern Africa,Nairobi,Kenya,https://www.cuea.edu,Full Member
The Egyptian E-learning University,Giza,Egypt,http://www.eelu.edu.eg,Full Member
The Future University,Khartoum,Sudan,http://fu.edu.sd,Associate Member
The Nelson Mandela African Institution Of Science And Technology Nm-ast,Arusha,Tanzania, https://www.nm-aist.ac.tz,Full Member
The Open University Of Tanzania,Dar Es Salaam,Tanzania,http://www.out.ac.tz/,Full Member
Tumaini University Makumira (tuma),Arusha,Tanzania,https://makumira.ac.tz,Full Member
Uganda Christian University,Mukono,Uganda,http://www.ucu.ac.ug,Full Member
Uganda Management Institute,Kampala,Uganda,http://www.umi.ac.ug/,Full Member
Uganda Martyrs University,Kampala,Uganda,http://www.umu.ac.ug,Full Member
Uganda Technology And Management University,Kampala,Uganda,https://utamu.ac.ug,Full Member
Umaru Musa Yar'adua University,Katsina,Nigeria,https://umyu.edu.ng,Full Member
Umma University,Kajiado,Kenya,http://www.umma.ac.ke,Associate Member
"Unicaf University , Malawi","Lilongwe, Malawi",Malawi,https://unicafuniversity.com/,Full Member
"Unicaf University, Zambia",Lusaka,Zambia,https://unicafuniversity.ac.zm/,Full Member
Uniersity Of Sinnar,Khartoum,Sudan,http://uofs.edu.sd,Full Member
United Methodist University,Monrovia 10,Liberia,https://umu.edu.lr,Full Member
Universidade Agostinho Neto,Luanda,Angola,http://www.uan.ao/,Full Member
Universidade Catolica De Mozambique (ucm),Palmeiras,Mozambique,http://www.ucm.ac.mz,Full Member
Universidade Eduardo Mondlane,Maputo 257,Mozambique,http://www.uem.mz/index.php,Full Member
Universidade Jean Piaget De Cabo Verde,Praia,Cape Verde,http://www.unipiaget.cv/,Associate Member
Universidade Joaquim Chissano,Mapuro,Mozambique,https://ujc.ac.mz/,Full Member
Universidade Pedagogica,Maputo,Mozambique,https://www.up.ac.mz,Full Member
Universidade óscar Ribas,Luanda,Angola,https://uor.ed.ao/,Full Member
Universite Aube Nouvelle,Ouagadougou,Burkina Faso,http://u-auben.com,Associate Member
Universite Badji Mokhtar D'annaba,Annaba 23000,Algeria,http://www.univ-annaba.org,Full Member
Universite Des Sciences Et De La Technologie Houari Boumediene (usthb),Algiers 16123,Algeria,https://fei.usthb.dz,Full Member
Universite Simon Kimbangu,Kinshasa,Dr Congo,Not Available,Full Member
Universite Tertiaire Et Technologique Lokko,,Cote D’ivoire,http://mrs4.hosteur.com/~group546/,Full Member
University For Development Studies,Tamale,Ghana,http://www.uds.edu.gh,Full Member
University Of Abuja,"Abuja, Fed. Capital Territory",Nigeria,http://uniabuja.edu.ng/,Full Member
"University Of Agriculture, Makurdi",Makurdi,Nigeria,https://uam.edu.ng,Full Member
University Of Aljabel El Garbi,Gharian,Libya,Not Available,Full Member
University Of Asmara,Asmara,Eritrea,http://www.uoa.edu.er/,Full Member
University Of Bahr El Ghazal,Khartoum,South Sudan,https://ubg.university,Full Member
University Of Bahri,Khartoum,Sudan,https://bahri.edu.sd,Full Member
University Of Bakht Er Ruda,Ed Dueim,Sudan,http://www.bakhtalruda.edu,Full Member
University Of Bamenda,Bamenda,Cameroun,http://uniba.cm,Full Member
University Of Benin,Benin City,Nigeria,http://www.uniben.edu,Full Member
University Of Botswana,Gaborone,Botswana,http://www.ub.bw,Full Member
University Of Buea,Buea,Cameroun,https://www.ubuea.cm,Full Member
University Of Calabar,Calabar,Nigeria,http://www.unical.edu.ng/,Full Member
University Of Cape Coast,Cape Coast,Ghana,http://www.ucc.edu.gh,Full Member
University Of Cape Town,Rondesbosch 7701,South Africa,http://www.uct.ac.za,Full Member
University Of Dalanj,Dalanj,Sudan,http://www.dalanjuniversity.edu.sd,Full Member
University Of Dar Es Salaam,Dar Es Salaam 022,Tanzania,http://www.udsm.ac.tz,Full Member
University Of Dodoma,Dodoma,Tanzania,https://www.udom.ac.tz,Full Member
"University Of Education, Winneba",Winneba,Ghana,http://www.uew.edu.gh,Full Member
University Of Eldoret,Eldoret ,Kenya, http://uoeld.ac.ke,Full Member
University Of Energy And Natural Resources,Sunyani,Ghana,https://uenr.edu.gh,Full Member
University Of Eswatini,Kwaluseni M201,Eswatini,http://www.uniswa.sz/,Full Member
University Of Fort Hare,Alice,South Africa,http://www.ufh.ac.za,Full Member
University Of Garyounis,Benghazi,Libya,http://www.garyounis.edu,Full Member
University Of Gezira,2667 Khartoum,Sudan,http://uofg.edu.sd/,Full Member
University Of Ghana,"Legon, Accra",Ghana,http://www.ug.edu.gh,Full Member
University Of Global Health Equity,Kagali,Rwanda,ughe.org,Full Member
University Of Hargeisa,Hargesia,Somalia,http://huniversity.net/,Full Member
University Of Health And Allied Sciences,Ho,Ghana,https://www.uhas.edu.gh,Full Member
University Of Ibadan,Ibadan,Nigeria,http://www.ui.edu.ng,Full Member
University Of Ilorin,Ilorin,Nigeria,http://www.unilorin.edu.ng/index.php/en/,Full Member
University Of Johannesburg,Auckland Park 2006,South Africa,http://www.uj.ac.za,Full Member
University Of Jos,Jos,Nigeria,http://www.unijos.edu.ng,Full Member
University Of Juba,Juba,South Sudan,http://juba.edu.sd,Full Member
University Of Khartoum,Khartoum 11115,Sudan,http://www.uofk.edu/,Full Member
University Of Kordofan,Elobeid,Sudan,http://www.kordofan.edu.sd/,Full Member
University Of Kwazulu-natal,Durban,South Africa,http://www.ukzn.ac.za,Full Member
University Of Lagos,Lagos,Nigeria,http://www.unilag.edu/,Full Member
University Of Liberia,Monrovia,Liberia,https://ul.edu.lr,Full Member
University Of Lusaka,Lusaka,Zambia,https://www.unilus.ac.zm,Full Member
University Of Maiduguri,Maiduguri,Nigeria,http://www.unimaid.edu.ng/,Full Member
University Of Malawi,Zomba,Malawi,http://www.unima.mw/,Full Member
University Of Mauritius,Reduit,Mauritius,http://www.uom.ac.mu,Full Member
"University Of Mines And Technology, Tarkwa",Tarkwa,Ghana,http://umat.edu.gh/,Full Member
University Of Nairobi,Nairobi,Kenya,http://www.uonbi.ac.ke/,Full Member
University Of Namibia,Windhoek,Namibia,http://www.unam.edu.na/,Full Member
"University Of Nigeria, Nsukka",Nsukka,Nigeria,http://www.unn.edu.ng,Full Member
University Of Nyala,Nyala,Sudan,https://nyalau.edu.sd/,Full Member
University Of Port Harcourt,Port Harcourt,Nigeria,http://www.uniport.edu.ng,Full Member
University Of Pretoria,Pretoria,South Africa,http://www.up.ac.za,Full Member
University Of Professional Studies (ups),Accra,Ghana,https://upsa.edu.gh,Full Member
University Of Rwanda,Butare,Rwanda,http://www.nur.ac.rw,Full Member
University Of Sadat City,Sadat City,Egypt,https://www.usc.edu.eg,Full Member
University Of Science And Technology,Omdurman,Sudan,http://www.sustech.edu/,Full Member
University Of Sierra Leone,Freetown,Sierra Leone,http://usl.edu.sl/,Full Member
University Of Somalia,Mogadishu,Somalia,http://www.uniso.edu.so/,Full Member
University Of South Africa,Transvaal 0003,South Africa,http://www.unisa.ac.za,Full Member
University Of Stellenbosch,Matieland 7602,South Africa,http://www.sun.ac.za,Full Member
"University Of Technology, Mauritius",Pointe-aux-sables,Mauritius,http://www.utm.ac.mu/,Full Member
University Of The Free State,Bloemfontein 9300,South Africa,http://www.ufs.ac.za,Full Member
University Of The Gambia,Serrekunda,The Gambia,https://www.utg.edu.gm,Full Member
University Of The Holy Qur'an And Re-origination Of Sciences,Omdurman,Sudan,http://www.quran-unv.edu.sd/,Full Member
University Of The Western Cape,Cape Town,South Africa,https://www.uwc.ac.za,Full Member
University Of Uyo,Uyo,Nigeria,http://www.uniuyo.edu.ng,Full Member
University Of Venda For Science & Technology,Thohoyandou 0950,South Africa,http://www.univen.ac.za,Full Member
University Of Western Kordufan,Khartoum,Sudan,http://www.wku.edu.sd,Full Member
University Of Witwatersrand,Johannesburg,South Africa,http://www.wits.ac.za,Full Member
University Of Zalingei,Zalingei,Sudan,http://zalingei.edu.sd,Full Member
University Of Zambia,Lusaka,Zambia,http://www.unza.zm,Full Member
University Of Zimbabwe,Harare,Zimbabwe,http://www.uz.ac.zw,Full Member
Université Abdou Moumouni,Niamey,Niger,https://www.uam.edu.ne/,Full Member
Université Africaine De Développement Coopératif,Cotonou,Benin,http://www.uadc-aucd.org,Full Member
Université Catholique De Bukavu,Bukavu,Dr Congo,https://ucbukavu.ac.cd,Full Member
Université Catholique Du Congo,Kinshasa,Dr Congo,http://www.ucc.ac.cd,Full Member
"Université Centrale, Tunisia",Tunis,Tunisia,http://www.universitecentrale.net/,Full Member
Université Cheikh Anta Diop De Dakar,Dakar-fann,Sénégal,http://www.ucad.sn,Full Member
Université D'abomey-calavi,Cotonou,Benin,https://uac.bj/,Full Member
Université D'alger,Algiers 16000,Algeria,http://www.univ-alger.dz,Full Member
Université D'antananarivo,Antananarivo 101,Madagascar,http://www.univ-antananarivo.mg/,Full Member
Université D'oran,Oran 31000,Algeria,http://www.univ-oran.dz/,Full Member
Université De Bamako,Bamako,Mali,Not Available,Full Member
Université De Bangui,Bangui,Central Africa Repub,http://www.univ-bangui.org/,Full Member
Université De Douala,Douala,Cameroun,http://www.univ-douala.com/,Full Member
Université De Dschang,Dschang,Cameroun,http://www.univ-dschang.org/,Full Member
Université De Fianarantsoa,Fianarantsoa 301,Madagascar,http://www.univ-fianar.mg,Full Member
Université De Kara,Kara,Togo,https://www.univ-kara.tg,Full Member
Université De Kinshasa,Kinshasa Xi,Dr Congo,https://www.unikin.ac.cd,Full Member
Université De Kisangani,Kisangani,Dr Congo,http://www.unikis.ac.cd,Full Member
Université De Lomé,Lomé,Togo,https://univ-lome.tg,Full Member
Université De Lubumbashi,Lubumbashi,Dr Congo,http://www.unilu.ac.cd/,Full Member
Université De Maroua,Maroua,Cameroun,http://www.uni-maroua.com/,Full Member
Université De N'djamena,N'djamena,Tchad,https://www.universite-ndjamena.td,Full Member
Université De Ngaoundéré,Ngaoundere,Cameroun,http://www.univ-ndere.cm/,Full Member
Université De Nouakchott,Nouakchott,Mauritania,http://www.univ-nkc.mr,Full Member
Université De Parakou,Parakou,Benin,http://www.univ-parakou.bj/,Full Member
Université De Toamasina,Toamasina 501,Madagascar,http://www.univ-toamasina.mg,Full Member
Université De Yaoundé 1,Yaoundé,Cameroun,http://www.uy1.uninet.cm/,Full Member
Université De Zinder,Zinder,Niger,Not Available,Full Member
Université Des Sciences & Techniques De Masuku,Franceville,Gabon,http://univ-masuku.org,Full Member
Université Des Sciences Et De La Technologie D'oran,Oran 31000,Algeria,http://www.univ-usto.dz,Full Member
Université Des Sciences Islamiques,Constantine 25000,Algeria,http://www.univ-emir.dz/,Full Member
Université Du 7 Novembre A Carthage,1002 Tunis,Tunisia,http://www.universites.tn,Full Member
Université Du Burundi,Bujumbura,Burundi,http://www.ub.edu.bi,Full Member
Université Félix Houphouët-boigny,Abidjan 01,Côte D'ivoire,https://www.univ-fhb.edu.ci,Full Member
Université Gaston Berger De Saint-louis,Saint-louis,Sénégal,http://www.ugb.sn,Full Member
Université Joseph Ki-zerbo,Ouagadougou 03,Burkina Faso,https://www.univ-ouaga1.gov.bf,Full Member
Université Kasdi Merbah Ouargla,Ouargla,Algeria,http://www.univ-ouargla.dz/,Full Member
Université Larbi Ben M’hidi De Oum El Bouaghi,Oum El Bouaghi، Oum El Bouaghi ‎,Algeria,http://www.univ-oeb.dz/,Full Member
Université Marien Ngouabi,Brazzaville,Congo,https://www.umng.cg,Full Member
Université Mentouiri De Constantine,Constantine,Algeria,http://www.cerist.dz,Full Member
Université Mohammed I,Oujda,Morocco,http://www.ump.ma/,Full Member
Université Mohammed V Souissi,Rabat,Morocco,http://www.um5.ac.ma/um5,Full Member
"Université Mohammed V, Agdal",Agdal Rabat-chellah,Morocco,http://www.um5a.ac.ma,Full Member
Université Nangui Abrogoua,Abidjan 02,Côte D'ivoire,https://www.univ-na.ci,Full Member
Université Nazi Boni,Bobo-dioulasso,Burkina Faso,https://www.univ-bobo.gov.bf/,Full Member
Université Nord Madagascar,Antsiranana 201,Madagascar,Not Available,Full Member
Université Omar Bongo,Libreville,Gabon,Not Available,Full Member
Université Pelefero Gon Coulibaly,Korhogo,Côte D'ivoire,https://univ-pgc.edu.ci,Full Member
Université Polytechnique De Bobo-dioulasso,Bobo-dioulasso 01,Burkina Faso,http://www.univ-bobo.bf/,Full Member
Université Quaraouyine Fes,Fes,Morocco,http://uaq.ma,Full Member
Universit� Loyola Du Congo,Kinshasa,Democratic Republic The Congo,https://loyola.cd,Associate Membership
Upper Nile University,Khartoum,South Sudan,Not Available,Full Member
Usmanu Dan Fodiyo University,Sokoto,Nigeria,http://www.udusok.edu.ng,Full Member
Valley View University,Oyibi (accra),Ghana,https://vvu.edu.gh,Full Member
Wad Medani Ahlia College,Wad Medani,Sudan,www.wadmedani-ahlia.edu.sd,Full Member
Walter Sisulu University,Mthatha,South Africa,https://www.wsu.ac.za,Full Member
"Wisconsin International University College, Ghana",Accra,Ghana,https://wiuc-ghana.edu.gh,Full Member
Wollega University,Nekemte,Ethiopia,https://www.wollegalibrary.com,Full Member
Women’s University In Africa,Harare,Zimbabwe,http://www.wua.ac.zw,Associate Member
Yaba College Of Technology,"Agege, Lagos",Nigeria,https://www.yabatech.edu.ng,Associate Member
Zagazig University,Zagazig,Egypt,http://english.zu.edu.eg/,Full Member
Zambeze University,Beira,Mozambique,https://www.gfar.net,Full Member
Zambia Forestry College,Kitwe,Zambia,https://www.mlnr.gov.zm,Associate Member
Zambian Open University,Lusaka,Zambia,https://zaou.ac.zm,Full Member
Zamzam University Of Science & Technology,Mogadishu,Somalia,http://zust.edu.so,Full Member
Zanzibar University,Zanzibar,Tanzania,http://zanvarsity.ac.tz,Full Member
Zawia University,Zawia,Libya,https://zu.edu.ly,Full Member
Zenith University College,Accra,Ghana,https://zucghana.org,Full Member
Zimbabwe Council For Higher Education,Harare,Zimbabwe,http://www.zimche.ac.zw,Associate Member
Zimbabwe Open University,Harare,Zimbabwe,http://www.zou.ac.zw,Full Member
école Nationale Supérieure De Statistique Et D'économie Appliquée,Abidjan`,CÔte D'ivoire,http://www.ensea.ed.ci modifier - modifier le code,Full Member
