,institution,location,country,website,status,point,latitude,longitude,altitude,geometry
0,Abia State University,"441103, Uturu, Abia, Nigeria",Nigeria,http://absu.edu.ng/,Full Member,"(5.8225266, 7.3940761, 0.0)",5.8225266,7.3940761,0,POINT (7.3940761 5.8225266)
1,Abm University College,"9VFM+H73, Lephala, Gaborone, Botswana",Botswana,https://abm.ac.bw,Associate Member,"(-24.626106, 25.8831748, 0.0)",-24.626106,25.8831748,0,POINT (25.8831748 -24.626106)
2,Abrar University,,Somalia,https://abrar.edu.so,Associate Member,"(2.0379639,45.2855899,0.0)",2.0379639,45.2855899,0,POINT (45.2855899 2.0379639)
3,Abubakar Tafawa Balewa University,"Campus: Along Bauchi, Dass Road, 740272, Yelwa, Bauchi, Nigeria",Nigeria,http://www.atbu.edu.ng/,Full Member,"(10.280075, 9.79455, 0.0)",10.280075,9.79455,0,POINT (9.79455 10.280075)
4,Accra Institute Of Technology,"34 Concam Cres, Accra, Ghana",Ghana,http://ait-edu.us/,Full Member,"(5.5818774, -0.2141298, 0.0)",5.5818774,-0.2141298,0,POINT (-0.2141298 5.5818774)
5,Accra Technical University,,Ghana,https://atu.edu.gh,Full Member,"(5.5542522,-0.2108336,0.0)",5.5542522,-0.2108336,0,POINT (-0.2108336 5.5542522)
6,"Adamawa State University,","650101, Mubi, Adamawa, Nigeria",Nigeria,http://www.adamawastateuni.com/,Full Member,"(10.2800641, 13.2773629, 0.0)",10.2800641,13.2773629,0,POINT (13.2773629 10.2800641)
7,Addis Ababa Science And Technology University,"Addis Ababa, Ethiopia",Ethiopia,http://www.aastu.edu.et,Full Member,"(8.8851654, 38.8097534, 0.0)",8.8851654,38.8097534,0,POINT (38.8097534 8.8851654)
8,Addis Ababa University,"NBH1, 4killo King George VI St, Addis Ababa, Ethiopia",Ethiopia,http://www.aau.edu.et,Full Member,"(9.033506299999999, 38.7636817, 0.0)",9.0335063,38.7636817,0,POINT (38.7636817 9.033506299999999)
9,Adekunle Ajasin University,"Ondo, Akungba, Ondo, Nigeria",Nigeria,http://www.adekunleajasinuniversity.edu.ng/,Full Member,"(7.482307199999999, 5.7499614, 0.0)",7.4823072,5.7499614,0,POINT (5.7499614 7.482307199999999)
10,Admiralty University Of Nigeria,Nigeria,Nigeria,https://adun.edu.ng/,Associate Member,"(9.081999, 8.675277, 0.0)",9.081999,8.675277,0,POINT (8.675277 9.081999)
11,"Afe Babalola University, Ado Ekiti (abuad)","M8C4+9R5, 362101, Aye, Ekiti, Nigeria",Nigeria,http://www.abuad.edu.ng,Full Member,"(7.6708843, 5.3070996, 0.0)",7.6708843,5.3070996,0,POINT (5.3070996 7.6708843)
12,Afi/l’université De L’entreprise En Abrégé (afi/l’ue),"Zone B Rue G, Dakar 17016, Senegal",Sénégal,https://www.afi-ue.sn/,Full Member,"(14.6986848, -17.4551355, 0.0)",14.6986848,-17.4551355,0,POINT (-17.4551355 14.6986848)
13,Africa International University,"Rhino Park Close, Nairobi, Kenya",Sudan,https://www.iua.edu.sd/,Full Member,"(-1.3024379, 36.6900489, 0.0)",-1.3024379,36.6900489,0,POINT (36.6900489 -1.3024379)
14,Africa University,"4J43+29M, Mutare, Zimbabwe",Zimbabwe,http://www.africau.edu/,Full Member,"(-18.8967925, 32.6013218, 0.0)",-18.8967925,32.6013218,0,POINT (32.6013218 -18.8967925)
15,African University College Of Communication,"HQ5Q+CPQ, Jones Nelson Rd, Accra, Ghana",Ghana,http://www.aucc.edu.gh,Full Member,"(5.5585864, -0.2106312, 0.0)",5.5585864,-0.2106312,0,POINT (-0.2106312 5.5585864)
16,"African University Of Science And Technology, Abuja","Km 10 Umaru Musa Yar'Adua Road, Galadimawa 900107, Galadima, Federal Capital Territory, Nigeria",Nigeria,https://aust.edu.ng,Associate Member,"(9.000923, 7.422000199999999, 0.0)",9.000923,7.4220002,0,POINT (7.422000199999999 9.000923)
17,African Virtual University,"Ring Rd Kilimani, Nairobi, Kenya",Kenya,http://www.avu.org,Associate Member,"(-1.2942737, 36.7870356, 0.0)",-1.2942737,36.7870356,0,POINT (36.7870356 -1.2942737)
18,Agitel - Formation,"I 132, Abidjan, Côte d'Ivoire",CÔte D'ivoire,http://www.agitel.ci,Full Member,"(5.364381799999999, -3.9558068, 0.0)",5.3643818,-3.9558068,0,POINT (-3.9558068 5.364381799999999)
19,Ahfad University For Women,"JFVC+WF7, Omdurman, Sudan",Sudan,http://www.ahfad.net/,Full Member,"(15.6447752, 32.4711811, 0.0)",15.6447752,32.4711811,0,POINT (32.4711811 15.6447752)
20,Ahmadu Bello University,"Samaru Campus, Community Market, 810211, Zaria, Kaduna, Nigeria",Nigeria,http://abu.edu.ng/,Full Member,"(11.1511678, 7.654591299999999, 0.0)",11.1511678,7.6545913,0,POINT (7.654591299999999 11.1511678)
21,Ain Shams University,"الخليفة المأمون، كوبري القبة، الوايلى،، El-Qobba Bridge, El Weili, Cairo Governorate 4392001, Egypt",Egypt,http://www.asu.edu.eg/,Full Member,"(30.0766493, 31.284546, 0.0)",30.0766493,31.284546,0,POINT (31.284546 30.0766493)
22,Ajayi Crowther University,"Oke-Ebo 211271, Oyo, Nigeria",Nigeria,https://acu.edu.ng,Full Member,"(7.849614000000001, 3.9479533, 0.0)",7.849614,3.9479533,0,POINT (3.9479533 7.849614000000001)
23,Al Asmariya Univ. Of Islamic Sciences,,Libya,http://asmarya.edu.ly,Full Member,"(32.4679743,14.5648807,0.0)",32.4679743,14.5648807,0,POINT (14.5648807 32.4679743)
24,Al Fashir University,"J8HC+7R, Al Fashir, Sudan",Sudan,http://fashir.edu.sd/,Full Member,"(13.6281362, 25.3220155, 0.0)",13.6281362,25.3220155,0,POINT (25.3220155 13.6281362)
25,Al Neelain University,"JG37+2RM, 52nd St, Al Khurtum, Sudan",Sudan,http://www.neelain.edu.sd/,Full Member,"(15.6025866, 32.5145323, 0.0)",15.6025866,32.5145323,0,POINT (32.5145323 15.6025866)
26,Al-azhar University,,Egypt,http://www.azhar.edu.eg/en/,Full Member,"(29.3190967,29.8147006,0.0)",29.3190967,29.8147006,0,POINT (29.8147006 29.3190967)
27,Al-fateh University,"Tripoli University Rd, Tarabulus, Libya",Libya,https://uot.edu.ly/,Full Member,"(32.8596991, 13.2209109, 0.0)",32.8596991,13.2209109,0,POINT (13.2209109 32.8596991)
28,Al-hikmah University,"Al Hikmah University, Adeta Rd, 240281, Oko Erin, Kwara, Nigeria",Nigeria,https://alhikmahuniversity.edu.ng,Full Member,"(8.4824422, 4.5056489, 0.0)",8.4824422,4.5056489,0,POINT (4.5056489 8.4824422)
29,Alexandria Higher Institute Of Engineering & Technology (aiet),"6XC2+F28, Mohammed Abou Al Fatoh Hasab, Ezbet Saad, Sidi Gaber, Alexandria Governorate 21311, Egypt",Egypt,http://www.aiet.edu.eg/,Full Member,"(31.2211658, 29.9500918, 0.0)",31.2211658,29.9500918,0,POINT (29.9500918 31.2211658)
30,Alexandria University,"22 El-Gaish Rd, Al Azaritah WA Ash Shatebi, Bab Sharqi, Alexandria Governorate 5424041, Egypt",Egypt,https://alexu.edu.eg/,Full Member,"(31.2105711, 29.9130705, 0.0)",31.2105711,29.9130705,0,POINT (29.9130705 31.2105711)
31,All Nations University College,"N.K.Boateng, Koforidua, Ghana",Ghana,https://anu.edu.gh,Full Member,"(6.094932399999999, -0.2560458, 0.0)",6.0949324,-0.2560458,0,POINT (-0.2560458 6.094932399999999)
32,Alzaiem Alazhari University,"JGQG+3PF, Khartoum North, Sudan",Sudan,http://www.aau.edu.sd/,Full Member,"(15.6376977, 32.5267873, 0.0)",15.6376977,32.5267873,0,POINT (32.5267873 15.6376977)
33,Ambrose Alli University,"310103, Ekpoma, Edo, Nigeria",Nigeria,http://www.aauekpoma.edu.ng/,Full Member,"(6.7384194, 6.0810714, 0.0)",6.7384194,6.0810714,0,POINT (6.0810714 6.7384194)
34,American International University,"408/1, Kuratoli, Dhaka 1229, Bangladesh",The Gambia,http://www.aiu.edu.gm,Full Member,"(23.8221242, 90.4274063, 0.0)",23.8221242,90.4274063,0,POINT (90.4274063 23.8221242)
35,Ardhi University,"University vimweta new building, 66M8+G6G, Dar es Salaam, Tanzania",Tanzania,http://www.aru.ac.tz/,Full Member,"(-6.7661679, 39.2154139, 0.0)",-6.7661679,39.2154139,0,POINT (39.2154139 -6.7661679)
36,Ashesi University College,"1 University Ave, Berekuso, Ghana",Ghana,https://www.ashesi.edu.gh/,Full Member,"(5.7602752, -0.2199232, 0.0)",5.7602752,-0.2199232,0,POINT (-0.2199232 5.7602752)
37,Assiut University,"55PC+X4V، شارع المكتبات، El Fateh, Assiut Governorate 71515, Egypt",Egypt,http://www.aun.edu.eg/,Full Member,"(27.1874915, 31.1702924, 0.0)",27.1874915,31.1702924,0,POINT (31.1702924 27.1874915)
38,Aswan University,"منطقة صحارى، Qism Aswan, Aswan Governorate 1230971, Egypt",Egypt,http://www.aswu.edu.eg/,Full Member,"(23.9965078, 32.8599197, 0.0)",23.9965078,32.8599197,0,POINT (32.8599197 23.9965078)
39,Babcock University,"121103, Ilishan-Remo, Ogun State, Nigeria",Nigeria,https://babcock.edu.ng,Full Member,"(6.8920758, 3.7181452, 0.0)",6.8920758,3.7181452,0,POINT (3.7181452 6.8920758)
40,Bayan College Of Science And Technology,"HGX5+PWM, Army Rd, Al Khurtum, Sudan",Sudan,http://www.bayantech.edu,Associate Member,"(15.5993344, 32.5097898, 0.0)",15.5993344,32.5097898,0,POINT (32.5097898 15.5993344)
41,Bayero University,"Bayero University, Kano PMB, 3011, 700281, Kano, Nigeria",Nigeria,http://www.buk.edu.ng,Full Member,"(11.9645407, 8.4309113, 0.0)",11.9645407,8.4309113,0,POINT (8.4309113 11.9645407)
42,"Bells University Of Technology, Ota","Km. 8 Idiroko Rd, Benja village 112104, Ota, Ogun State, Nigeria",Nigeria,http://www.bellsuniversity.org/,Full Member,"(6.6858742, 3.171101, 0.0)",6.6858742,3.171101,0,POINT (3.171101 6.6858742)
43,Benadir University,"Hodan, Mogadishu, Somalia",Somalia,https://bu.edu.so/,Associate Member,"(2.040649, 45.2996899, 0.0)",2.040649,45.2996899,0,POINT (45.2996899 2.040649)
44,Benha University,"شارع هاني علي كامل بجوار مستشفي الجامعه Fareed Nada Street، Qism Banha, Banha, Al Qalyubia Governorate 13511, Egypt",Egypt,http://www.bu.edu.eg/,Full Member,"(30.4713034, 31.1816987, 0.0)",30.4713034,31.1816987,0,POINT (31.1816987 30.4713034)
45,Bindura University Of Science Education,"741 Chimurenga road, Bindura, Zimbabwe",Zimbabwe,http://www.buse.ac.zw,Full Member,"(-17.3246383, 31.3326816, 0.0)",-17.3246383,31.3326816,0,POINT (31.3326816 -17.3246383)
46,Bluecrest College,"28 Cola St, Accra, Ghana",Ghana,https://bluecrest.edu.gh/,Associate Member,"(5.572590400000001, -0.208457, 0.0)",5.5725904,-0.208457,0,POINT (-0.208457 5.572590400000001)
47,Botho University,"Botho Education Park, Diratsame Mosielele, Gaborone, Botswana",Botswana,https://www.bothouniversity.com/,Full Member,"(-24.6847395, 25.8778667, 0.0)",-24.6847395,25.8778667,0,POINT (25.8778667 -24.6847395)
48,Botswana Accountancy College,"Plot 50661, Fairgrounds International Office Park, Gaborone, Botswana",Botswana,http://www.bac.ac.bw/,Full Member,"(-24.6809376, 25.9270841, 0.0)",-24.6809376,25.9270841,0,POINT (25.9270841 -24.6809376)
49,Botswana International University Of Science And Technology,"Plot 10071, Palapye, Botswana",Botswana,https://www.biust.ac.bw,Full Member,"(-22.5945854, 27.1238632, 0.0)",-22.5945854,27.1238632,0,POINT (27.1238632 -22.5945854)
50,Botswana University Of Agriculture And Natural Resources,Botswana,Botswana,https://buan.ac.bw,Full Member,"(-22.328474, 24.684866, 0.0)",-22.328474,24.684866,0,POINT (24.684866 -22.328474)
51,Bowen University,"232101, Iwo, Osun, Nigeria",Nigeria,http://bowenuniversity.edu.ng,Full Member,"(7.6236297, 4.188966199999999, 0.0)",7.6236297,4.1889662,0,POINT (4.188966199999999 7.6236297)
52,Bugema University,"Kiwenda, Uganda",Uganda,www.bugemauniv.ac.ug,Full Member,"(0.5702953, 32.6437524, 0.0)",0.5702953,32.6437524,0,POINT (32.6437524 0.5702953)
53,Bule Hora University,"J6VP+MXV, Bule Hora, Ethiopia",Ethiopia,http://www.bhu.edu.et/,Full Member,"(5.644241999999999, 38.2374184, 0.0)",5.644242,38.2374184,0,POINT (38.2374184 5.644241999999999)
54,Bunda College Of Agriculture,"RQCH+583, Mwenda, Malawi",Malawi,http://www.luanar.ac.mw,Full Member,"(-14.1796138, 33.778309, 0.0)",-14.1796138,33.778309,0,POINT (33.778309 -14.1796138)
55,Busitema University,"Busitema University, Busia, Uganda",Uganda,https://busitema.ac.ug/,Full Member,"(0.5452743999999999, 34.0200286, 0.0)",0.5452744,34.0200286,0,POINT (34.0200286 0.5452743999999999)
56,Cairo University,"1 شارع الجامعة، Giza Governorate 12613, Egypt",Egypt,http://www.cu.edu.eg,Full Member,"(30.0273542, 31.209125, 0.0)",30.0273542,31.209125,0,POINT (31.209125 30.0273542)
57,Capital University Of Somalia,Somalia,Somalia,https://capitaluniversity.edu.so,Full Member,"(5.152149, 46.199616, 0.0)",5.152149,46.199616,0,POINT (46.199616 5.152149)
58,Carnegie Mellon University,"5000 Forbes Ave, Pittsburgh, PA 15213, USA",Rwanda,http://www.cmu.edu/rwanda/,Full Member,"(40.4432027, -79.9428499, 0.0)",40.4432027,-79.9428499,0,POINT (-79.9428499 40.4432027)
59,Catholic University Of Mozambique,"960 Marques Do Soveral, Beira, Mozambique",Mozambique,http://www.ucm.ac.mz,Full Member,"(-19.8471489, 34.8651022, 0.0)",-19.8471489,34.8651022,0,POINT (34.8651022 -19.8471489)
60,Catholic University Of Zimbabwe,"18443 Cranborne Ave, Harare, Zimbabwe",Zimbabwe,http://cuz.ac.zw/,Full Member,"(-17.8688765, 31.0673697, 0.0)",-17.8688765,31.0673697,0,POINT (31.0673697 -17.8688765)
61,Cavendish University,"Corner of and Elizabeth,, H7WH+MFX, Great N, Lusaka, Zambia",Zambia,https://www.cavendishza.org,Full Member,"(-15.4032725, 28.2787226, 0.0)",-15.4032725,28.2787226,0,POINT (28.2787226 -15.4032725)
62,Central University College,"N Nmenmete Rd, Accra, Ghana",Ghana,http://www.centraluniversity.org,Full Member,"(5.554341399999999, -0.2301459, 0.0)",5.5543414,-0.2301459,0,POINT (-0.2301459 5.554341399999999)
63,"Central University Of Technology, Free State","20 President Brand St, Bloemfontein Central, Bloemfontein, 9301, South Africa",South Africa,https://www.cut.ac.za/,Full Member,"(-29.1216621, 26.2128388, 0.0)",-29.1216621,26.2128388,0,POINT (26.2128388 -29.1216621)
64,Chinhoyi University Of Technology,"J6W4+M8P, A1, Chinhoyi, Zimbabwe",Zimbabwe,http://www.cut.ac.zw/,Full Member,"(-17.3532941, 30.2058311, 0.0)",-17.3532941,30.2058311,0,POINT (30.2058311 -17.3532941)
65,Chreso University,,Zambia,https://chresouniversity.edu.zm/,Associate Member,"(-14.2389549,26.9710462,0.0)",-14.2389549,26.9710462,0,POINT (26.9710462 -14.2389549)
66,College Of Business Education,"CBE Matrons Residence, Bibi Titi Mohammed St, Dar es Salaam, Tanzania",Tanzania,https://www.cbe.ac.tz,Full Member,"(-6.8144103, 39.28150290000001, 0.0)",-6.8144103,39.2815029,0,POINT (39.28150290000001 -6.8144103)
67,Copperbelt University,"Jambo Dr, Kitwe, Zambia",Zambia,http://www.cbu.edu.zm,Full Member,"(-12.8054705, 28.239582, 0.0)",-12.8054705,28.239582,0,POINT (28.239582 -12.8054705)
68,Council On Higher Education,"1 Persequor technopark, 1 Quintin Brand St, Persequor, Pretoria, 0020, South Africa",South Africa,https://www.che.ac.za/,Associate Member,"(-25.7443728, 28.2748752, 0.0)",-25.7443728,28.2748752,0,POINT (28.2748752 -25.7443728)
69,Covenant University,"KM 10 Idiroko Rd, 112104, Ota, Ogun State, Nigeria",Nigeria,http://www.covenantuniversity.edu.ng/,Full Member,"(6.672644699999999, 3.161213, 0.0)",6.6726447,3.161213,0,POINT (3.161213 6.672644699999999)
70,Crawford University,"Faith City, Lusada 112102, Igbesa, Ogun State, Nigeria",Nigeria,https://crawforduniversity.edu.ng/crawford/,Associate Member,"(6.596665799999999, 3.0757671, 0.0)",6.5966658,3.0757671,0,POINT (3.0757671 6.596665799999999)
71,Cross River University Of Technology,"Ekpo Abasi St, Idim Ita 540281, Calabar, Cross River, Nigeria",Nigeria,https://www.crutech.edu.ng/,Full Member,"(4.9312618, 8.329549799999999, 0.0)",4.9312618,8.3295498,0,POINT (8.329549799999999 4.9312618)
72,Cuttington University College,"2CRW+5FC, Phebe, Liberia",Liberia,http://cuttingtonuniversity.edu.lr/,Full Member,"(7.0404482, -9.5538568, 0.0)",7.0404482,-9.5538568,0,POINT (-9.5538568 7.0404482)
73,Daystar University College,"Along Mombasa Road, Athi River, Kenya",Kenya,https://www.daystar.ac.ke,Full Member,"(-1.4426275, 36.9853659, 0.0)",-1.4426275,36.9853659,0,POINT (36.9853659 -1.4426275)
74,Dedan Kimathi University Of Technology,"Kiganjo/Mathari, B5, Nyeri, Kenya",Kenya,http://www.dkut.ac.ke/,Full Member,"(-0.3978314, 36.9609217, 0.0)",-0.3978314,36.9609217,0,POINT (36.9609217 -0.3978314)
75,"Delta State University, Abraka","Abraka - Abbi Rd, 330105, Uruoka, Delta, Nigeria",Nigeria,https://www.delsu.edu.ng/,Full Member,"(5.7914018, 6.1046701, 0.0)",5.7914018,6.1046701,0,POINT (6.1046701 5.7914018)
76,Dire Dawa University,"Dire Dawa ድሬዳዋ, Dire Dawa 1487, Ethiopia",Ethiopia,https://www.ddu.edu.et/,Full Member,"(9.6198345, 41.8407668, 0.0)",9.6198345,41.8407668,0,POINT (41.8407668 9.6198345)
77,Dmi-st. Eugene University,"T2, Zambia",Zambia,https://www.dmiseu.edu.zm,Full Member,"(-15.2941497, 28.2691825, 0.0)",-15.2941497,28.2691825,0,POINT (28.2691825 -15.2941497)
78,Dmi-st. John The Baptist University (dmisjbu),,Malawi,https://www.dmisjbu.edu.mw,Full Member,"(-13.9822272,32.5486332,0.0)",-13.9822272,32.5486332,0,POINT (32.5486332 -13.9822272)
79,Dominion University College,"JRVP+7RR, Accra, Ghana",Ghana,https://duc.edu.gh/,Full Member,"(5.643490400000001, -0.1626801, 0.0)",5.6434904,-0.1626801,0,POINT (-0.1626801 5.643490400000001)
80,Durban University Of Technology,"41/43 M L Sultan Rd, Greyville, Durban, 4001, South Africa",South Africa,https://www.dut.ac.za,Full Member,"(-29.8536128, 31.0061131, 0.0)",-29.8536128,31.0061131,0,POINT (31.0061131 -29.8536128)
81,East Africa University,"Kajiado, East, Kenya",Somalia,https://www.eastafricauniversity.net,Full Member,"(-1.5603276, 36.9385544, 0.0)",-1.5603276,36.9385544,0,POINT (36.9385544 -1.5603276)
82,"Ebonyi State University, Abakaliki","Enugu - Abakaliki Rd, 481101, Abakaliki, Ebonyi, Nigeria",Nigeria,http://www.ebsu-edu.net,Full Member,"(6.3851702, 8.011055299999999, 0.0)",6.3851702,8.0110553,0,POINT (8.011055299999999 6.3851702)
83,Ecole De Gouvernance Et D'economie De Rabat,"X4JH+QJR, Avenue Mohamed Ben Abdellah Regragui, Rabat 10112, Morocco",Morocco,http://www.egerabat.com,Full Member,"(33.9819989, -6.870995499999999, 0.0)",33.9819989,-6.8709955,0,POINT (-6.870995499999999 33.9819989)
84,Ecole Des Cadres,"74 / 80 Rue Roque de Fillol, 92800 Puteaux, France",Togo,http://www.ecoledescadrestogo.com/,Associate Member,"(48.884958, 2.2446716, 0.0)",48.884958,2.2446716,0,POINT (2.2446716 48.884958)
85,"Ecole Des Mines, De L’industrie Et De La Géologie (emig)","G32Q+P4F, Niamey, Niger",Niger,http://www.emig-niger.org,Full Member,"(13.5018145, 2.0877916, 0.0)",13.5018145,2.0877916,0,POINT (2.0877916 13.5018145)
86,Ecole Nationale Superieure Des Travaux Publics De Yaoundé,"VF9W+RMG, Rue Elig Efi, Yaoundé, Cameroon",Cameroun,https://enstp.cm/,Full Member,"(3.8697964, 11.4966292, 0.0)",3.8697964,11.4966292,0,POINT (11.4966292 3.8697964)
87,Ecole Normale Supérieure,,Burundi,http://www.ens.bi/,Full Member,"(48.8418804,2.3425648,0.0)",48.8418804,2.3425648,0,POINT (2.3425648 48.8418804)
88,Ecole Normale Supérieure De Nouakchott,"32XQ+WQ2, Rue de I Ambassade du Senegal, Nouakchott, Mauritania",Mauritania,https://www.ens.mr,Full Member,"(18.0997706, -15.960624, 0.0)",18.0997706,-15.960624,0,POINT (-15.960624 18.0997706)
89,Ecole Superieure Polytechnique D'antsiranana,"Lazaret CUR Antsiranana, Antisiranana 201, Madagascar",Madagascar,https://www.esp-antsiranana.mg/,Associate Member,"(-12.2839634, 49.3078377, 0.0)",-12.2839634,49.3078377,0,POINT (49.3078377 -12.2839634)
90,Edexcel University,,Benin,http://www.edexceluni.org/,Full Member,"(6.6583804,2.7259245,0.0)",6.6583804,2.7259245,,POINT (2.7259245 6.6583804)
91,"Edo State University, Uzairue","689M+PP5, 312107, Okpella, Edo, Nigeria",Nigeria,http://www.edouniversity.edu.ng,Full Member,"(7.2192556, 6.3343506, 0.0)",7.2192556,6.3343506,0,POINT (6.3343506 7.2192556)
92,Egerton University,"Biashara kilimo road Egerton University, Njoro, Kenya",Kenya,http://www.egerton.ac.ke/,Full Member,"(-0.3724527, 35.9335101, 0.0)",-0.3724527,35.9335101,0,POINT (35.9335101 -0.3724527)
93,Egypt-japan University Of Science And Technology,"الحى الثالث, Hod Sakrah WA Abu Hamad, Borg Al Arab Al Gadida City, Alexandria Governorate 5221241, Egypt",Egypt,http://www.ejust.edu.eg/,Associate Member,"(30.8667918, 29.5824162, 0.0)",30.8667918,29.5824162,0,POINT (29.5824162 30.8667918)
94,"Ekiti State University, Ado Ekiti","362103, Ado Ekiti, Ekiti, Nigeria",Nigeria,https://eksu.edu.ng,Full Member,"(7.714086899999999, 5.260115, 0.0)",7.7140869,5.260115,0,POINT (5.260115 7.714086899999999)
95,El Imam El Mahdi University,"8J66+9RJ, Aba Island, Sudan",Sudan,http://www.mahdi.edu.sd/,Full Member,"(13.3109678, 32.6120247, 0.0)",13.3109678,32.6120247,0,POINT (32.6120247 13.3109678)
96,Elizade University,"P.M.B, 002 Ilara Mokin, 340271, Ilara-Mokin, Ondo, Nigeria",Nigeria,https://www.elizadeuniversity.edu.ng,Full Member,"(7.3671325, 5.1066997, 0.0)",7.3671325,5.1066997,0,POINT (5.1066997 7.3671325)
97,Enugu State University Of Science Technology,"Government Station 410111, Nsukka, Enugu, Nigeria",Nigeria,http://www.esut.edu.ng/,Full Member,"(6.856665, 7.3958299, 0.0)",6.856665,7.3958299,0,POINT (7.3958299 6.856665)
98,Ethiopian Civil Service University,"2RCM+8VR Ethiopian Civil Services College, Addis Ababa, Ethiopia",Ethiopia,http://www.ecsu.edu.et,Full Member,"(9.0231491, 38.8323066, 0.0)",9.0231491,38.8323066,0,POINT (38.8323066 9.0231491)
99,Euclid University (euclid),,Central African Rep.,https://www.euclid.int,Full Member,"(4.3840256,18.5496498,0.0)",4.3840256,18.5496498,0,POINT (18.5496498 4.3840256)
100,Faculty Of Islamic Call,,Libya,http://www.islamic-call.org,Associate Member,"(32.8266504,13.1162774,0.0)",32.8266504,13.1162774,0,POINT (13.1162774 32.8266504)
101,Federal Polytechnic Oko,"423123, Oko Town, Anambra, Nigeria",Nigeria,https://federalpolyoko.edu.ng/,Full Member,"(6.051264499999999, 7.1079005, 0.0)",6.0512645,7.1079005,0,POINT (7.1079005 6.051264499999999)
102,"Federal University Of Agriculture, Abeokuta","6CHQ+VMW, Alabata Street, 111101, Abeokuta, Ogun State, Nigeria",Nigeria,http://www.unaab.edu.ng,Full Member,"(7.2297439, 3.439215, 0.0)",7.2297439,3.439215,0,POINT (3.439215 7.2297439)
103,"Federal University Of Technology, Akure","Federal University Of Technology, 340110, Gaga, Ondo, Nigeria",Nigeria,http://www.futa.edu.ng/,Full Member,"(7.307042000000001, 5.1397549, 0.0)",7.307042,5.1397549,0,POINT (5.1397549 7.307042000000001)
104,"Federal University Of Technology, Minna","P. M.B. 65, 920101, Minna, Niger, Nigeria",Nigeria,http://www.futminna.net/,Full Member,"(9.5835546, 6.5463156, 0.0)",9.5835546,6.5463156,0,POINT (6.5463156 9.5835546)
105,"Federal University Of Technology, Owerri","PMB,Owerri, 1526, 460113, Ihiagwa, Imo, Nigeria",Nigeria,https://futo.edu.ng/,Full Member,"(5.392690099999999, 6.986148099999999, 0.0)",5.3926901,6.9861481,0,POINT (6.986148099999999 5.392690099999999)
106,Federal University Oye- Ekiti,"Oye, Ekiti, Nigeria",Nigeria,https://fuoye.edu.ng/,Full Member,"(7.7979306, 5.3285505, 0.0)",7.7979306,5.3285505,0,POINT (5.3285505 7.7979306)
107,Garden City University College,"Garden City University Road, PCRP+3MJ, Kumasi, Ghana",Ghana,https://www.gcuc.edu.gh/,Full Member,"(6.7394989, -1.5654988, 0.0)",6.7394989,-1.5654988,0,POINT (-1.5654988 6.7394989)
108,Ghana Institute Of Journalism,"32 Gamel Abdul Nasser Ave, Accra, Ghana",Ghana,https://gij.edu.gh/,Full Member,"(5.5631759, -0.1911187, 0.0)",5.5631759,-0.1911187,0,POINT (-0.1911187 5.5631759)
109,Ghana Institute Of Languages,"New Dr Rd, Accra, Ghana",Ghana,http://gil.edu.gh/,Full Member,"(5.658199400000001, -0.1705227, 0.0)",5.6581994,-0.1705227,0,POINT (-0.1705227 5.658199400000001)
110,Ghana Institute Of Management And Public Administration,"Greenhill, Accra, Ghana",Ghana,http://www.gimpa.edu.gh,Full Member,"(5.6360544, -0.2006373, 0.0)",5.6360544,-0.2006373,0,POINT (-0.2006373 5.6360544)
111,Gollis University,"Rd Number 1, Hargeisa, Somalia",Somalia,https://gollisuniversity.org/,Full Member,"(9.5629492, 44.1020321, 0.0)",9.5629492,44.1020321,0,POINT (44.1020321 9.5629492)
112,Gombe State University,"Gombe State University, 760214, Gombe, Nigeria",Nigeria,https://gsu.edu.ng/,Full Member,"(10.3042082, 11.1728365, 0.0)",10.3042082,11.1728365,0,POINT (11.1728365 10.3042082)
113,Graduate School Of Management,"près de la Pharmacie Marie - Esther, Abidjan, Côte d'Ivoire",Côte D'ivoire,https://www.gradsm.net/,Associate Member,"(5.3763391, -3.9607333, 0.0)",5.3763391,-3.9607333,0,POINT (-3.9607333 5.3763391)
114,Great Zimbabwe University,"Masvingo, Zimbabwe",Zimbabwe,https://www.gzu.ac.zw/,Full Member,"(-20.1050134, 30.8643919, 0.0)",-20.1050134,30.8643919,0,POINT (30.8643919 -20.1050134)
115,Groupe Institut Supérieur De Commerce Et D'administration Des Entreprises (group Iscae),"8114 Rte de Nouasseur, Casablanca, Morocco",Morocco,https://www.groupeiscae.ma,Full Member,"(33.5270709, -7.638197799999999, 0.0)",33.5270709,-7.6381978,0,POINT (-7.638197799999999 33.5270709)
116,Gulf Medical University,AL JURF - 1 Rashid Al-Khadar St - Al Jerf 1 - Ajman - United Arab Emirates,United Arab Emirates,https://gmu.ac.ae,Associate Member,"(25.4173839, 55.5007485, 0.0)",25.4173839,55.5007485,0,POINT (55.5007485 25.4173839)
117,Haramaya University,"Haramaya University Rd, Harar, Ethiopia",Ethiopia,http://www.haramaya.edu.et/,Full Member,"(9.4230091, 42.0373483, 0.0)",9.4230091,42.0373483,0,POINT (42.0373483 9.4230091)
118,Harare Institute Of Technology,"Ganges Rd, Harare, Zimbabwe",Zimbabwe,https://www.hit.ac.zw/,Full Member,"(-17.8395111, 31.0075482, 0.0)",-17.8395111,31.0075482,0,POINT (31.0075482 -17.8395111)
119,Hawassa University,"3F2W+CQH, Hawassa, Ethiopia",Ethiopia,http://www.hu.edu.et,Full Member,"(7.051050399999999, 38.4969875, 0.0)",7.0510504,38.4969875,0,POINT (38.4969875 7.051050399999999)
120,Helwan University,"V888+FF3, Al Sikka Al Hadid Al Gharbeya, Al Masaken Al Iqtisadeyah, Helwan, Cairo Governorate 4034572, Egypt",Egypt,http://www.helwan.edu.eg/,Full Member,"(29.8661275, 31.3161659, 0.0)",29.8661275,31.3161659,0,POINT (31.3161659 29.8661275)
121,Higher Institute Of Science And Technology Of Mozambique,Mozambique,Mozambique,https://isctem.ac.mz/,Full Member,"(-18.665695, 35.529562, 0.0)",-18.665695,35.529562,0,POINT (35.529562 -18.665695)
122,Himilo University,"28V6+329 Tarabuunka, Jidka Tarabuunka, Mogadishu, Somalia",Somalia,https://www.himilouniversity.edu.so/,Full Member,"(2.0426676, 45.3100964, 0.0)",2.0426676,45.3100964,0,POINT (45.3100964 2.0426676)
123,Ho Technical University,"HFRC+V2G, Poly Rd, Ho, Ghana",Ghana,https://www.htu.edu.gh,Full Member,"(6.5921838, 0.470069, 0.0)",6.5921838,0.470069,0,POINT (0.470069 6.5921838)
124,Hormuud University,"28H3+G2P, Mogadishu, Somalia",Somalia,http://hu.edu.so,Associate Member,"(2.0288263, 45.3025847, 0.0)",2.0288263,45.3025847,0,POINT (45.3025847 2.0288263)
125,Horseed International University,"28J6+J64, KM4, Mogadishu, Somalia",Somalia,http://www.hiu-edu.com/,Associate Member,"(2.031504, 45.310565, 0.0)",2.031504,45.310565,0,POINT (45.310565 2.031504)
126,Hubert Kairuki University,"New Hub St, Dar es Salaam, Tanzania",Tanzania,http://www.hkmu.ac.tz,Full Member,"(-6.773056, 39.254751, 0.0)",-6.773056,39.254751,0,POINT (39.254751 -6.773056)
127,"Ibrahim Badamasi Babangida University,lapai","Minna Road, 911101, Lapai, Niger, Nigeria",Nigeria,https://ibbu.edu.ng/,Full Member,"(9.0673817, 6.5697816, 0.0)",9.0673817,6.5697816,0,POINT (6.5697816 9.0673817)
128,Igbinedion University,"Main Campus, Mission Rd, 302111, Okada, Edo, Nigeria",Nigeria,https://www.iuokada.edu.ng/,Full Member,"(6.7302189, 5.3958046, 0.0)",6.7302189,5.3958046,0,POINT (5.3958046 6.7302189)
129,Imo State University,"F2Q9+J3J, New Owerri 460281, Owerri, Imo, Nigeria",Nigeria,https://imsuonline.edu.ng/,Full Member,"(5.489081199999999, 7.0176561, 0.0)",5.4890812,7.0176561,0,POINT (7.0176561 5.489081199999999)
130,Institut Africain De Santé Publique (iasp),"Ouagadougou, Burkina Faso",Burkina Faso,https://iasp-bf.org/,Associate Member,"(12.3848395, -1.4194136, 0.0)",12.3848395,-1.4194136,0,POINT (-1.4194136 12.3848395)
131,Institut De Formation Aux Carrières De Santé,"Rue Mohamed El Faidouzi Bd Abdelmoumen, Casablanca 20360, Morocco",Morocco,http://efcsfes.simplesite.com/,Full Member,"(33.5766731, -7.625062700000001, 0.0)",33.5766731,-7.6250627,0,POINT (-7.625062700000001 33.5766731)
132,Institut Des Hautes Etudes De Tunis,"3 Av. Jugurtha, Tunis 1002, Tunisia",Tunisia,http://www.ihet.ens.tn/,Full Member,"(36.8234202, 10.1774914, 0.0)",36.8234202,10.1774914,0,POINT (10.1774914 36.8234202)
133,Institut International D'ingénierie De L'eau Et De L'environnement,"Ouagadougou, Burkina Faso",Burkina Faso,https://www.auf.org/,Full Member,"(12.378764, -1.503695, 0.0)",12.378764,-1.503695,0,POINT (-1.503695 12.378764)
134,Institut International Des Sciences Et Technologie Sénégal,Senegal,Senegal,http://www.iist-hilight.com,Full Member,"(14.497401, -14.452362, 0.0)",14.497401,-14.452362,0,POINT (-14.452362 14.497401)
135,Institut Supérieur De L'informatique Et De Gestion (isig),"05, Av. Murara, Karisimbi, Goma, Democratic Republic of the Congo",Burkina Faso,http://www.isigk.rnu.tn/,Full Member,"(-1.6773091, 29.2297509, 0.0)",-1.6773091,29.2297509,0,POINT (29.2297509 -1.6773091)
136,Institut Universitaire Du Golfe De Guinée,"12489, Douala, Cameroon",Cameroon,http://www.univ-iug.com,Full Member,"(4.0419242, 9.7542796, 0.0)",4.0419242,9.7542796,0,POINT (9.7542796 4.0419242)
137,Institut Universitaire D’abidjan,"L 40, Abidjan, Côte d'Ivoire",Côte D'ivoire,https://iua-ci.com,Full Member,"(5.381113, -3.9886828, 0.0)",5.381113,-3.9886828,0,POINT (-3.9886828 5.381113)
138,Instituto Superior De Ciências De Educação à Distância (isced),,Mozambique,https://isced.co,Associate Member,"(-23.8606069,-42.7000716,0.0)",-23.8606069,-42.7000716,0,POINT (-42.7000716 -23.8606069)
139,Instituto Superior Politecnico De Tecnologias E Ciencias,"Av. Luanda Sul, Luanda, Angola",Angola,https://www.isptec.co.ao,Associate Member,"(-8.9238339, 13.1829542, 0.0)",-8.9238339,13.1829542,0,POINT (13.1829542 -8.9238339)
140,Inter-state School Of Veterinary Sciences And Medicine,"Rue de l'Universite, Dakar, Senegal",Senegal,eismv.org/?lang=en,Associate Member,"(14.6880218, -17.4619974, 0.0)",14.6880218,-17.4619974,0,POINT (-17.4619974 14.6880218)
141,International Centre For Insect Physiology And Ecology (icipe),,Kenya,http://www.icipe.org,Full Member,"(-0.8232208,34.2324292,0.0)",-0.8232208,34.2324292,,POINT (34.2324292 -0.8232208)
142,International Open University,"8F3V+PXH, Afeef St, Doha, Qatar",The Gambia,https://iou.edu.gm/,Full Member,"(25.3043236, 51.494974, 0.0)",25.3043236,51.494974,0,POINT (51.494974 25.3043236)
143,International University Of Africa,"GHJ9+933, Madani St, Al Khurtum 12223, Sudan",Sudan,https://www.iua.edu.sd,Full Member,"(15.5308848, 32.5676757, 0.0)",15.5308848,32.5676757,0,POINT (32.5676757 15.5308848)
144,International University Of Africa,"GHJ9+933, Madani St, Al Khurtum 12223, Sudan",Sudan,www.iua.edu.sd,Full Member,"(15.5308848, 32.5676757, 0.0)",15.5308848,32.5676757,0,POINT (32.5676757 15.5308848)
145,International University Of Grand-bassam,"Abidjan, Côte d'Ivoire",Côte D'ivoire,http://iugb.org/,Full Member,"(5.2152347, -3.7473612, 0.0)",5.2152347,-3.7473612,0,POINT (-3.7473612 5.2152347)
146,International University Of Management,"21 - 31, Hercules Street, Windhoek, Namibia",Namibia,http://www.ium.edu.na,Full Member,"(-22.5612084, 17.0568877, 0.0)",-22.5612084,17.0568877,0,POINT (17.0568877 -22.5612084)
147,Islamic University In Uganda,"Soroti Road, P.O.BOX 2555 Kumi, Mbale, Uganda",Uganda,http://www.iuiu.ac.ug/,Full Member,"(1.0989088, 34.1739858, 0.0)",1.0989088,34.1739858,0,POINT (34.1739858 1.0989088)
148,Iu - International University Of Applied Sciences,"Mülheimer Str. 38, 53604 Bad Honnef, Germany",Germany,http://www.iu.de,Associate Member,"(50.6419617, 7.228798899999999, 0.0)",50.6419617,7.2287989,0,POINT (7.228798899999999 50.6419617)
149,Jamhuriya University Of Science And Technology (just),"28Q3+RC5, Wadadda Digfeer, Muqdisho, Somalia",Somalia,https://just.edu.so,Full Member,"(2.0395232, 45.3036207, 0.0)",2.0395232,45.3036207,0,POINT (45.3036207 2.0395232)
150,Jazeera University,,Somalia,https://www.jazeerauniversity.com/,Full Member,"(-0.8057456,30.258138,0.0)",-0.8057456,30.258138,0,POINT (30.258138 -0.8057456)
151,Jimma University,"MVJ4+R95, Jimma, Ethiopia",Ethiopia,http://www.ju.edu.et/,Full Member,"(7.6820055, 36.8559734, 0.0)",7.6820055,36.8559734,0,POINT (36.8559734 7.6820055)
152,Jomo Kenyatta University Of Agric. & Technology,,Kenya,http://www.jkuat.ac.ke,Full Member,"(-1.2295944,36.6107764,0.0)",-1.2295944,36.6107764,0,POINT (36.6107764 -1.2295944)
153,Kabale University,"Plot 364 Block 3 Kikungiri Hill, Kabale Municipality Kabale – Kigali Highway, Kabale, Uganda",Uganda,https://www.kab.ac.ug/,Full Member,"(-1.2722888, 29.9882291, 0.0)",-1.2722888,29.9882291,0,POINT (29.9882291 -1.2722888)
154,Kabridahar University,,Ethiopia,https://kdu.edu.et/,Associate Member,"(7.9241554,41.0566417,0.0)",7.9241554,41.0566417,0,POINT (41.0566417 7.9241554)
155,Kampala International University,"Ggaba Road, Kampala, Uganda",Uganda,https://www.kiu.ac.ug/,Full Member,"(0.2943602, 32.6039696, 0.0)",0.2943602,32.6039696,0,POINT (32.6039696 0.2943602)
156,Kca University,"Thika Rd, Nairobi, Kenya",Kenya,https://www.kcau.ac.ke/,Full Member,"(-1.2534465, 36.8594527, 0.0)",-1.2534465,36.8594527,0,POINT (36.8594527 -1.2534465)
157,Kenyatta University,,Kenya,http://www.ku.ac.ke,Full Member,"(-1.0858983,36.8854683,0.0)",-1.0858983,36.8854683,0,POINT (36.8854683 -1.0858983)
158,Kesmonds International University,,Cameroon,https://kesmonds-edu.ac/,Associate Member,"(5.9724848,10.1737924,0.0)",5.9724848,10.1737924,0,POINT (10.1737924 5.9724848)
159,Koforidua Technical University,"3P8P+F5F, Koforidua-Nsutam Rd, Koforidua, Ghana",Ghana,https://www.ktu.edu.gh,Full Member,"(6.064566399999999, -0.2628136, 0.0)",6.0645664,-0.2628136,0,POINT (-0.2628136 6.064566399999999)
160,Kogi State University,"University, 272102, Anyigba, Kogi, Nigeria",Nigeria,http://www.ksu.edu.ng/,Full Member,"(7.4858718, 7.1874049, 0.0)",7.4858718,7.1874049,0,POINT (7.1874049 7.4858718)
161,Kumasi Technical University,"Ejisu, Ghana",Ghana,https://kstu.edu.gh/,Full Member,"(6.7201059, -1.4823409, 0.0)",6.7201059,-1.4823409,0,POINT (-1.4823409 6.7201059)
162,Kwame Nkrumah University Of Science And Technology,"Accra Rd, Kumasi, Ghana",Ghana,http://www.knust.edu.gh,Full Member,"(6.674503499999999, -1.5716114, 0.0)",6.6745035,-1.5716114,0,POINT (-1.5716114 6.674503499999999)
163,Kwara State University,"Kwara State University Rd, 241103, Malete, Kwara, Nigeria",Nigeria,https://www.kwasu.edu.ng/,Full Member,"(8.7099782, 4.4665529, 0.0)",8.7099782,4.4665529,0,POINT (4.4665529 8.7099782)
164,"Kwararafa University, Wukari","VQGH+WJR, 670101, Wukari, Taraba, Nigeria",Nigeria,https://kwararafauniversity.org,Associate Member,"(7.877352500000001, 9.7790188, 0.0)",7.8773525,9.7790188,0,POINT (9.7790188 7.877352500000001)
165,Ladoke Akintola University Of Technology,"Old, Oyo/ Ilorin Rd, 210214, Ogbomosho, Oyo, Nigeria",Nigeria,http://www.lautech.edu.ng,Full Member,"(8.170033499999999, 4.2636277, 0.0)",8.1700335,4.2636277,0,POINT (4.2636277 8.170033499999999)
166,Landmark University,"43FP+3V8, Road, 251103, Omu-Aran, Kwara, Nigeria",Nigeria,http://landmarkuniversity.edu.ng/,Associate Member,"(8.1226263, 5.082785599999999, 0.0)",8.1226263,5.0827856,0,POINT (5.082785599999999 8.1226263)
167,Lilongwe University Of Agriculture & Natural Resources (luanar),"Lilongwe, Malawi",Malawi,http://www.bunda.luanar.mw/,Full Member,"(-13.9626121, 33.7741195, 0.0)",-13.9626121,33.7741195,0,POINT (33.7741195 -13.9626121)
168,Lincoln University College,"Jalan Lembah Sireh, 15050 Kota Bharu, Kelantan, Malaysia",Malaysia,http://www.lincoln.edu.my,Associate Member,"(6.1136946, 102.232872, 0.0)",6.1136946,102.232872,0,POINT (102.232872 6.1136946)
169,Lupane State University,"Third Ave Herbert Chitepo St, Bulawayo, Zimbabwe",Zimbabwe,http://www.lsu.ac.zw/,Full Member,"(-20.146526, 28.5819491, 0.0)",-20.146526,28.5819491,0,POINT (28.5819491 -20.146526)
170,Lusaka Apex University,"Off Mumbwa Road, Lusaka 10101, Zambia",Zambia,http://lamu.edu.zm/,Full Member,"(-15.4765283, 28.3309403, 0.0)",-15.4765283,28.3309403,0,POINT (28.3309403 -15.4765283)
171,Maflekumen Higher Institute Of Health Sciences,"Plot 118 Holfort new layout Longstreet, Tiko, Cameroon",Cameroun,https://maflekumen-institute.org/,Full Member,"(4.0739224, 9.361970999999999, 0.0)",4.0739224,9.361971,0,POINT (9.361970999999999 4.0739224)
172,Mahatma Gandhi University,"Priyadarsini Hills Post, Administrative Block, University Campus Rd, Athirampuzha, Kerala 686560, India",Rwanda,http://www.mgu.ac.rw/,Associate Member,"(9.659870699999999, 76.5309339, 0.0)",9.6598707,76.5309339,0,POINT (76.5309339 9.659870699999999)
173,Makerere University,"7062 University Rd, Kampala, Uganda",Uganda,http://www.mak.ac.ug,Full Member,"(0.3326347, 32.5685861, 0.0)",0.3326347,32.5685861,0,POINT (32.5685861 0.3326347)
174,Malawi University Of Science And Technology,"Mikolongwe, Malawi",Malawi,https://www.must.ac.mw,Full Member,"(-15.9019872, 35.2168465, 0.0)",-15.9019872,35.2168465,0,POINT (35.2168465 -15.9019872)
175,Manicaland State University Of Applied Sciences,"Stair Guthrie Road P Bag 7001 Fernhill, Mutare, Zimbabwe",Zimbabwe,https://msuas.ac.zw,Full Member,"(-18.9591007, 32.6428108, 0.0)",-18.9591007,32.6428108,0,POINT (32.6428108 -18.9591007)
176,Manicaland State University Of Applied Sciences (msuas),"Stair Guthrie Road P Bag 7001 Fernhill, Mutare, Zimbabwe",Zimbabwe,https://msuas.ac.zw,Full Member,"(-18.9591007, 32.6428108, 0.0)",-18.9591007,32.6428108,0,POINT (32.6428108 -18.9591007)
177,Mansoura University,"١شارع El Gomhouria St, Dakahlia Governorate 35516, Egypt",Egypt,http://www.mans.eun.eg,Full Member,"(31.0448903, 31.35368669999999, 0.0)",31.0448903,31.3536867,0,POINT (31.35368669999999 31.0448903)
178,Marodijeh University,,Somalia,http://www.miu.edu.so,Full Member,"(9.5834546,44.0312914,0.0)",9.5834546,44.0312914,0,POINT (44.0312914 9.5834546)
179,Maryam Abacha Université Américaine Du Niger,Niger,Niger,http://maaun.net,Full Member,"(17.607789, 8.081666, 0.0)",17.607789,8.081666,0,POINT (8.081666 17.607789)
180,Maseno University,"Kondele Kisumu-Busia Rd Maseno, Kisumu, Kenya",Kenya,http://maseno.ac.ke/,Full Member,"(-0.006416, 34.59738, 0.0)",-0.006416,34.59738,0,POINT (34.59738 -0.006416)
181,Masinde Muliro College Of Science And Technology,"Kakamega, Kenya",Kenya,http://www.mmust.ac.ke,Full Member,"(0.2925248, 34.76222509999999, 0.0)",0.2925248,34.7622251,0,POINT (34.76222509999999 0.2925248)
182,Matrouh University,"78X7+P7M, Mersa Matruh, Matrouh Governorate 5055335, Egypt",Egypt,http://www.mau.edu.eg/,Full Member,"(31.2993285, 27.3131594, 0.0)",31.2993285,27.3131594,0,POINT (27.3131594 31.2993285)
183,Mekelle University,"Mek'ele, Ethiopia",Ethiopia,https://infomekelle.com/,Full Member,"(13.4799262, 39.4849384, 0.0)",13.4799262,39.4849384,0,POINT (39.4849384 13.4799262)
184,Menoufia University,"Gamal Abd El-Nasir, Qism Shebeen El-Kom, Shibin el Kom, Menofia Governorate 6131567, Egypt",Egypt,http://mu.menofia.edu.eg/,Full Member,"(30.5649978, 31.0130847, 0.0)",30.5649978,31.0130847,0,POINT (31.0130847 30.5649978)
185,Meru University Of Science And Technology,"Meru, Kenya",Kenya,https://www.must.ac.ke/,Full Member,"(0.1348854, 37.7083752, 0.0)",0.1348854,37.7083752,0,POINT (37.7083752 0.1348854)
186,Methodist University College,"Accra, Ghana",Ghana,http://www.mucg.edu.gh,Full Member,"(5.5675853, -0.2613827, 0.0)",5.5675853,-0.2613827,0,POINT (-0.2613827 5.5675853)
187,"Michael Okpara University Of Agriculture, Umudike","Umudike Rd, 440101, Umudike, Abia, Nigeria",Nigeria,http://mouau.edu.ng/,Full Member,"(5.480685299999999, 7.5456896, 0.0)",5.4806853,7.5456896,0,POINT (7.5456896 5.480685299999999)
188,Midlands State University,"Senga Road, Gweru, Zimbabwe",Zimbabwe,https://ww5.msu.ac.zw/,Full Member,"(-19.4845308, 29.8352841, 0.0)",-19.4845308,29.8352841,0,POINT (29.8352841 -19.4845308)
189,Minia University,"مبنى الادارة _جامعة المنيا، Damaris, Minya, Menia Governorate 2431436, Egypt",Egypt,http://www.minia.edu.eg/,Full Member,"(28.1229178, 30.734723, 0.0)",28.1229178,30.734723,0,POINT (30.734723 28.1229178)
190,Misr University For Science & Technology,"26th of July Corridor, First 6th of October, Giza Governorate 3236101, Egypt",Egypt,http://www.must.edu.eg,Full Member,"(29.99660149999999, 30.9654429, 0.0)",29.9966015,30.9654429,0,POINT (30.9654429 29.99660149999999)
191,Misurata University,"93FH+66F, Misrata, Libya",Libya,http://www.misuratau.edu.ly/,Full Member,"(32.3730537, 15.0780589, 0.0)",32.3730537,15.0780589,0,POINT (15.0780589 32.3730537)
192,"Modibbo University Of Technology, Yola",,Nigeria,http://www.futy.edu.ng/,Full Member,"(9.8150095,12.5329172,0.0)",9.8150095,12.5329172,0,POINT (12.5329172 9.8150095)
193,Mogadishu University,"Jidka Jaamacadda, Mogadishu, Somalia",Somalia,http://www.mogadishuuniversity.com,Full Member,"(2.1104633, 45.339903, 0.0)",2.1104633,45.339903,0,POINT (45.339903 2.1104633)
194,Mohammed Vi Polytechnic University,"Lot 660، بن جرير 43150, Morocco",Morocco,https://www.um6p.ma/,Full Member,"(32.220055, -7.9359024, 0.0)",32.220055,-7.9359024,0,POINT (-7.9359024 32.220055)
195,Moi University,,Kenya,http://www.mu.ac.ke,Full Member,"(-1.7719543,36.1517339,0.0)",-1.7719543,36.1517339,0,POINT (36.1517339 -1.7719543)
196,Mount Kenya University,"General Kago Rd, Thika, Kenya",Kenya,http://www.mku.ac.ke/,Full Member,"(-1.044816, 37.08236369999999, 0.0)",-1.044816,37.0823637,0,POINT (37.08236369999999 -1.044816)
197,Mountain Top University,"Beside MFM Prayer City Lagos-Ibadan Express Way Ogun State Obafemi-Owode, LGA, 110106, Ibafo, Ogun State, Nigeria",Nigeria,https://www.mtu.edu.ng,Full Member,"(6.729194199999999, 3.4126303, 0.0)",6.7291942,3.4126303,0,POINT (3.4126303 6.729194199999999)
198,Muhimbili University Of Health & Allied Science,"United Nations Rd, Dar es Salaam, Tanzania",Tanzania,http://www.muchs.ac.tz/,Full Member,"(-6.807861, 39.27326, 0.0)",-6.807861,39.27326,0,POINT (39.27326 -6.807861)
199,Multimedia University Of Kenya,"Ongata Rongai, Magadi, Kenya",Kenya,https://www.mmu.ac.ke,Full Member,"(-1.382264, 36.76848, 0.0)",-1.382264,36.76848,0,POINT (36.76848 -1.382264)
200,Mulungushi University,"HC2W+J64, Kabwe, Zambia",Zambia,http://www.mu.ac.zm/,Associate Member,"(-14.4484944, 28.4455837, 0.0)",-14.4484944,28.4455837,0,POINT (28.4455837 -14.4484944)
201,Muslim University Of Morogoro,"MAFISA Morogoro TZ TZ TZ TZ, Morogoro 1031, Tanzania",Tanzania,http://www.mum.ac.tz/,Full Member,"(-6.8277556, 37.6591144, 0.0)",-6.8277556,37.6591144,0,POINT (37.6591144 -6.8277556)
202,Mzumbe University,"Mzumbe University, Magorofani Street, Tanzania",Tanzania,https://site.mzumbe.ac.tz,Full Member,"(-6.917023299999999, 37.5707376, 0.0)",-6.9170233,37.5707376,0,POINT (37.5707376 -6.917023299999999)
203,Namibia University Of Science And Technology,"13 Jackson Kaujeua Street, Windhoek, Namibia",Namibia,https://www.nust.na/,Full Member,"(-22.565785, 17.0773438, 0.0)",-22.565785,17.0773438,0,POINT (17.0773438 -22.565785)
204,"Nasarawa State University, Keffi","NASARAWA STATE UNIVERSITY, 911019, Keffi, Nasarawa, Nigeria",Nigeria,http://www.nsukonline.net/,Full Member,"(8.8471213, 7.8776023, 0.0)",8.8471213,7.8776023,0,POINT (7.8776023 8.8471213)
205,National Institute Of Public Administration (nipa),,Zambia,https://www.nipa.ac.zm,Full Member,"(-14.1934556,27.1518295,0.0)",-14.1934556,27.1518295,0,POINT (27.1518295 -14.1934556)
206,National Open University Of Nigeria,"Idumota, 14, 16 Ahmadu Bello Way, Victoria Island 106104, Lagos, Nigeria",Nigeria,http://www. Nou.edu.ng,Full Member,"(6.4343467, 3.4095367, 0.0)",6.4343467,3.4095367,0,POINT (3.4095367 6.4343467)
207,National University Of Lesotho,"P.O. Roma 180. Roma, Lesotho, Roma, Lesotho",Lesotho,http://www.nul.ls,Full Member,"(-29.4512856, 27.7206302, 0.0)",-29.4512856,27.7206302,0,POINT (27.7206302 -29.4512856)
208,National University Of Science And Technology,,Zimbabwe,http://www.nust.ac.zw/,Full Member,"(-18.9972177,29.1782862,0.0)",-18.9972177,29.1782862,0,POINT (29.1782862 -18.9972177)
209,National University Sudan,"GHGQ+9HP, Air St, Al Khurtum, Sudan",Sudan,https://nu.edu.sd/,Full Member,"(15.525956, 32.5889619, 0.0)",15.525956,32.5889619,0,POINT (32.5889619 15.525956)
210,Ndejje University,"Ndejje Hill Along Ndejje Road, Off Bombo Town, Kampala - Gulu highway, Uganda",Uganda,https://www.ndejjeuniversity.ac.ug/,Full Member,"(0.6124352, 32.4762159, 0.0)",0.6124352,32.4762159,0,POINT (32.4762159 0.6124352)
211,Nelson Mandela University,"University Way, Summerstrand, Gqeberha, 6019, South Africa",South Africa,https://www.mandela.ac.za/,Full Member,"(-34.00099420000001, 25.6714865, 0.0)",-34.0009942,25.6714865,0,POINT (25.6714865 -34.00099420000001)
212,"New Era College Of Arts, Science And Technology","6WJM+3CH, Gundichapli, Rourkela, Odisha 770036, India",Botswana,https://neweracollege.ac.bw/,Full Member,"(22.2301793, 84.9336034, 0.0)",22.2301793,84.9336034,0,POINT (84.9336034 22.2301793)
213,Niger Delta University,"Wilberforce Island, PMB 071 Bayelsa NG, 560103, Amassoma, Bayelsa, Nigeria",Nigeria,https://www.ndu.edu.ng/,Full Member,"(4.9747118, 6.1046353, 0.0)",4.9747118,6.1046353,0,POINT (6.1046353 4.9747118)
214,Nigerian Turkish Nile University,"Plot 681, Cadastral Zone C, OO, Research & Institution Area, Airport Road, Jabi 900108, Abuja, Federal Capital Territory, Nigeria",Nigeria,https://www.nileuniversity.edu.ng,Full Member,"(9.0177471, 7.4016486, 0.0)",9.0177471,7.4016486,0,POINT (7.4016486 9.0177471)
215,Nile Valley University (wadi El-neel University),"MXXJ+78C, Atbara, Sudan",Sudan,http://www.nilevalley.edu.sd,Full Member,"(17.6981989, 33.9807561, 0.0)",17.6981989,33.9807561,0,POINT (33.9807561 17.6981989)
216,Njala University,"Njala Campus, Bo, Sierra Leone",Sierra Leone,https://www.njala.edu.sl/,Full Member,"(7.9552288, -11.7410263, 0.0)",7.9552288,-11.7410263,0,POINT (-11.7410263 7.9552288)
217,Nnamdi Azikiwe University,"Along Enugu-Onitsha Expressway, Ifite Road, 420110, Awka, Anambra, Nigeria",Nigeria,http://www.unizik.edu.ng/,Full Member,"(6.245880199999999, 7.119894, 0.0)",6.2458802,7.119894,0,POINT (7.119894 6.245880199999999)
218,North-west University,"Building F1, 11 Hoffman St, Potchefstroom, 2531, South Africa",South Africa,http://www.nwu.ac.za,Full Member,"(-26.6906445, 27.0928977, 0.0)",-26.6906445,27.0928977,0,POINT (27.0928977 -26.6906445)
219,"Obafemi Awolowo University, Ile-ife","GG9F+84J, 220103, Ife, Osun, Nigeria",Nigeria,http://www.oauife.edu.ng,Full Member,"(7.5183453, 4.5227716, 0.0)",7.5183453,4.5227716,0,POINT (4.5227716 7.5183453)
220,Obour High Institute,"Masr - Al Ismailia Desert Rd, El Shorouk, Al Qalyubia Governorate 6363040, Egypt",Egypt,https://www.oi.edu.eg,Associate Member,"(30.1712774, 31.5281877, 0.0)",30.1712774,31.5281877,0,POINT (31.5281877 30.1712774)
221,October 6 University,"University, المحور المركزي، قسم أول 6 أكتوبر، الجيزة 12511, Egypt",Egypt,https://o6u.edu.eg/,Full Member,"(29.9770322, 30.9464116, 0.0)",29.9770322,30.9464116,0,POINT (30.9464116 29.9770322)
222,Olabisi Onabanjo University,"Ago-Iwoye - Ilisan road, WRFP+9HF, 120107, Ago-Iwoye, Ogun State, Nigeria",Nigeria,http://www.oouagoiwoye.edu.ng/,Full Member,"(6.9234407, 3.8364065, 0.0)",6.9234407,3.8364065,0,POINT (3.8364065 6.9234407)
223,Omdurman Ahlia University,"أم درمان - حي الدوحة جوار مقابر حمد النيل، أم درمان،، JFH8+5PF, Umm Durman, Sudan",Sudan,http://oau.edu.sd/,Full Member,"(15.627938, 32.4668106, 0.0)",15.627938,32.4668106,0,POINT (32.4668106 15.627938)
224,Omdurman Islamic University,"HCFX+4RV, Omdurman, Sudan",Sudan,http://www.oiu.edu.sd/,Full Member,"(15.5728519, 32.4495547, 0.0)",15.5728519,32.4495547,0,POINT (32.4495547 15.5728519)
225,Open University Of Mauritius,"Moka, Mauritius",Mauritius,http://www.open.ac.mu,Full Member,"(-20.2333283, 57.4992818, 0.0)",-20.2333283,57.4992818,0,POINT (57.4992818 -20.2333283)
226,Osun State University,"Main Campus, Oke Bale Street, Area 210001, Osogbo, Osun, Nigeria",Nigeria,http://www.uniosun.edu.ng/,Full Member,"(7.7616469, 4.6012166, 0.0)",7.7616469,4.6012166,0,POINT (4.6012166 7.7616469)
227,Pan African Institute For Development - West Africa (paid-wa),West Africa,Cameroon,https://www.paidafrica.org/paidwa,Full Member,"(13.531665, -2.4604145, 0.0)",13.531665,-2.4604145,0,POINT (-2.4604145 13.531665)
228,Pan African University,"Km 52 Lekki - Epe Expy, 105101, Lagos, Nigeria",Ethiopia,https://pau-au.net/en/,Full Member,"(6.4826541, 3.8553392, 0.0)",6.4826541,3.8553392,0,POINT (3.8553392 6.4826541)
229,Pan-atlantic University,"Km 52 Lekki - Epe Expy, 105101, Lagos, Nigeria",Nigeria,http://www.pau.edu.ng,Full Member,"(6.4826541, 3.8553392, 0.0)",6.4826541,3.8553392,0,POINT (3.8553392 6.4826541)
230,Pentecost University,"Pentecost University Street, Sowutoum, Ghana",Ghana,https://www.pentvars.edu.gh,Full Member,"(5.6263083, -0.2741013, 0.0)",5.6263083,-0.2741013,0,POINT (-0.2741013 5.6263083)
231,Pharos University,"Pharos University, Canal El Mahmoudia Street, beside، Green Plaza, Ezbet El-Nozha, Sidi Gaber, Alexandria Governorate 21648, Egypt",Egypt,https://www.pua.edu.eg/,Full Member,"(31.2058486, 29.9603027, 0.0)",31.2058486,29.9603027,0,POINT (29.9603027 31.2058486)
232,Pigier Côte D'ivoire,"Intersection du Boulevard Clozel et de l'Avenue Marchand, Abidjan, Côte d'Ivoire",Côte D'ivoire,https://www.pigierci.com,Full Member,"(5.3253778, -4.0201978, 0.0)",5.3253778,-4.0201978,0,POINT (-4.0201978 5.3253778)
233,Plasma University,"Military Academy, Mogadishu, Somalia",Somalia,https://plasmauniversity.net,Full Member,"(2.0501165, 45.300548, 0.0)",2.0501165,45.300548,0,POINT (45.300548 2.0501165)
234,Poma International Business University,,Benin,http://pomauniversity.com/,Full Member,"(6.677744,2.4134022,0.0)",6.677744,2.4134022,0,POINT (2.4134022 6.677744)
235,Presbyterian University College,"P. O. Box 59, Kwahu, Abetefi, Ghana",Ghana,http://www.presbyuniversity.edu.gh/,Full Member,"(6.676171399999999, -0.7447606999999999, 0.0)",6.6761714,-0.7447607,0,POINT (-0.7447606999999999 6.676171399999999)
236,Puntland State University,"CF4G+64Q, Garowe, Somalia",Somalia,https://puntlandstateuniversity.com,Associate Member,"(8.4055753, 48.4753693, 0.0)",8.4055753,48.4753693,0,POINT (48.4753693 8.4055753)
237,Radford University College,"Lagos Ave, Accra, Ghana",Ghana,http://www.radforduc.edu.gh,Associate Member,"(5.6379478, -0.1715661, 0.0)",5.6379478,-0.1715661,0,POINT (-0.1715661 5.6379478)
238,Red Sea University,"756W+24V, Bosaso, Somalia",Sudan,http://rsu.edu.sd,Full Member,"(11.2601222, 49.195284, 0.0)",11.2601222,49.195284,0,POINT (49.195284 11.2601222)
239,"Red Sea University, Somalia","756W+24V, Bosaso, Somalia",Somalia,https://rsu.edu.so/,Full Member,"(11.2601222, 49.195284, 0.0)",11.2601222,49.195284,0,POINT (49.195284 11.2601222)
240,"Redeemer's University (rccg, Run)","Gbongan Rd, 232101, Ede, Osun, Nigeria",Nigeria,https://run.edu.ng/,Full Member,"(7.680984, 4.4580597, 0.0)",7.680984,4.4580597,0,POINT (4.4580597 7.680984)
241,Regent University College Of Science And Technology,"Mallam, Ghana",Ghana,https://regent.edu.gh/,Full Member,"(5.5597458, -0.2970952, 0.0)",5.5597458,-0.2970952,0,POINT (-0.2970952 5.5597458)
242,Regional Maritime University,"Accra, Ghana",Ghana,http://www.rmu.edu.gh,Full Member,"(5.608514899999999, -0.0644747, 0.0)",5.6085149,-0.0644747,0,POINT (-0.0644747 5.608514899999999)
243,Rhodes University,"Drosty Rd, Grahamstown, Makhanda, 6139, South Africa",South Africa,http://www.ru.ac.za,Full Member,"(-33.3135911, 26.5163135, 0.0)",-33.3135911,26.5163135,0,POINT (26.5163135 -33.3135911)
244,Rivers State University Of Science & Technology,"Westend Old, Mgbuosimiri 500101, Port Harcourt, Rivers, Nigeria",Nigeria,https://www.rsu.edu.ng/,Full Member,"(4.806206599999999, 6.9864462, 0.0)",4.8062066,6.9864462,0,POINT (6.9864462 4.806206599999999)
245,Rusangu University,"Monze, Zambia",Zambia,http://ru.edu.zm/,Full Member,"(-16.380788, 27.5243487, 0.0)",-16.380788,27.5243487,0,POINT (27.5243487 -16.380788)
246,Sebha University,"2CMM+XPM, Sabhā, Libya",Libya,http://www.sebhau.edu.ly,Full Member,"(27.0349548, 14.4342841, 0.0)",27.0349548,14.4342841,0,POINT (14.4342841 27.0349548)
247,Sefako Makgatho Health Sciences University,"Molotlegi St, Ga-Rankuwa Zone 1, Ga-Rankuwa, 0208, South Africa",South Africa,https://purerims.smu.ac.za,Full Member,"(-25.6191508, 28.0160807, 0.0)",-25.6191508,28.0160807,0,POINT (28.0160807 -25.6191508)
248,Simad University,"Jidka Warshadaha 2526, 389H+29G, Muqdisho, Somalia",Somalia,https://simad.edu.so/,Associate Member,"(2.0662287, 45.32649199999999, 0.0)",2.0662287,45.326492,0,POINT (45.32649199999999 2.0662287)
249,Sokoine University Of Agriculture,"Kididimo, Morogoro, Tanzania",Tanzania,http://www.suanet.ac.tz/,Full Member,"(-6.8520287, 37.6575913, 0.0)",-6.8520287,37.6575913,0,POINT (37.6575913 -6.8520287)
250,Solusi University,"solusi university po solusi bulawayo, Zimbabwe",Zimbabwe,https://www.solusi.ac.zw/,Full Member,"(-20.1986274, 28.1529537, 0.0)",-20.1986274,28.1529537,0,POINT (28.1529537 -20.1986274)
251,Somali International University,"28P6+759, Jidka Tarabuunka, Mogadishu, Somalia",Somalia,https://siu.edu.so,Full Member,"(2.0356713, 45.3104763, 0.0)",2.0356713,45.3104763,0,POINT (45.3104763 2.0356713)
252,South Eastern Kenya University,"Kitui County, Kenya",Kenya,https://www.seku.ac.ke,Associate Member,"(-1.3099491, 37.7558212, 0.0)",-1.3099491,37.7558212,0,POINT (37.7558212 -1.3099491)
253,South Valley University,"الكيلو 6 Qena - Safaga Rd, Qena Governorate, Egypt",Egypt,https://www.svu.edu.eg,Full Member,"(26.1920826, 32.7452739, 0.0)",26.1920826,32.7452739,0,POINT (32.7452739 26.1920826)
254,Southern African Nazarene University,"Nkoseluhlaza Street, G927+HRG, Second Avenue, Next to Raleigh Fitkin Memorial hospital, Manzini M100, Eswatini",Eswatini,https://www.sanu.ac.sz/,Full Member,"(-26.4985562, 31.36458, 0.0)",-26.4985562,31.36458,0,POINT (31.36458 -26.4985562)
255,St Augustine University,"1315 Oakwood Ave, Raleigh, NC 27610, USA",Tanzania,http://www.saut.ac.tz,Full Member,"(35.7876962, -78.6188766, 0.0)",35.7876962,-78.6188766,0,POINT (-78.6188766 35.7876962)
256,St. Mary’s University,"1 Camino Santa Maria, San Antonio, TX 78228, USA",Ethiopia,https://www.smuc.edu.et,Full Member,"(29.4522978, -98.5646836, 0.0)",29.4522978,-98.5646836,0,POINT (-98.5646836 29.4522978)
257,Stella Maris Polytechnic University,"76W4+V7V, Monrovia, Liberia",Liberia,http://smp.edu.lr,Full Member,"(6.2972389, -10.7943162, 0.0)",6.2972389,-10.7943162,0,POINT (-10.7943162 6.2972389)
258,Strathmore University,"Karen Ole Sangale Rd, off Langata Road, in Madaraka Estate, Nairobi, Kenya",Kenya,https://www.strathmore.edu,Full Member,"(-1.3093299, 36.8125213, 0.0)",-1.3093299,36.8125213,0,POINT (36.8125213 -1.3093299)
259,Sudan Academy Of Sciences,Sudan,Sudan,http://www.sas.edu.sd/,Full Member,"(12.862807, 30.217636, 0.0)",12.862807,30.217636,0,POINT (30.217636 12.862807)
260,Sudan International University,"GJ32+W3F, Khartoum, Sudan",Sudan,http://www.siu-sd.com,Full Member,"(15.504802, 32.6001623, 0.0)",15.504802,32.6001623,0,POINT (32.6001623 15.504802)
261,Sudan University Of Science And Technology,"HGX7+M5F, Khartoum, Sudan",Sudan,http://www.sustech.edu/,Full Member,"(15.5991991, 32.5129214, 0.0)",15.5991991,32.5129214,0,POINT (32.5129214 15.5991991)
262,Suez Canal University,"Ismailia, El Sheikh Zayed, EL SALAM DISTRICT، Ismailia Governorate 8366004, Egypt",Egypt,http://scuegypt.edu.eg/en/,Full Member,"(30.6229541, 32.2690689, 0.0)",30.6229541,32.2690689,0,POINT (32.2690689 30.6229541)
263,Sule Lamido University,"7F4G42X2+RX, Kafin Hausa, 731102, Jigawa, Nigeria",Nigeria,https://slu.edu.ng,Full Member,"(12.1495625, 10.0024375, 0.0)",12.1495625,10.0024375,0,POINT (10.0024375 12.1495625)
264,Supershine University,"H62R+M9G, Lusaka, Zambia",Zambia,http://www.supershineuniversity.net/,Associate Member,"(-15.4483181, 28.2409495, 0.0)",-15.4483181,28.2409495,0,POINT (28.2409495 -15.4483181)
265,Takoradi Technical University,"Ama Akroma Rd, Takoradi, Ghana",Ghana,https://ttu.edu.gh/,Full Member,"(4.909114799999999, -1.7564459, 0.0)",4.9091148,-1.7564459,0,POINT (-1.7564459 4.909114799999999)
266,Tamale Technical University,,Ghana,https://tatu.edu.gh/,Full Member,"(9.4302015,-0.8694798,0.0)",9.4302015,-0.8694798,0,POINT (-0.8694798 9.4302015)
267,Tanta University,"مبنى اللغات الاجنبية، شارع معاوية، طنطا (قسم 2)، طنطا, طنطا (قسم 2)، قسم ثان طنطا، الغربية 6632505, Egypt",Egypt,https://www.tanta.edu.eg/,Full Member,"(30.7985967, 31.0017982, 0.0)",30.7985967,31.0017982,0,POINT (31.0017982 30.7985967)
268,Texila American University,"Lot 24-42, Plantation, Providence, East Bank Demerara, Georgetown, Guyana",Zambia,https://zm.tauedu.org,Associate Member,"(6.759184599999999, -58.1736708, 0.0)",6.7591846,-58.1736708,0,POINT (-58.1736708 6.759184599999999)
269,The American University In Cairo,"Admin building AUC قسم أول القاهرة الجديدة، محافظة القاهرة‬ 4728120،، New Cairo 1, Cairo Governorate 4728120, Egypt",Egypt,https://www.aucegypt.edu,Full Member,"(30.0201508, 31.49908139999999, 0.0)",30.0201508,31.4990814,0,POINT (31.49908139999999 30.0201508)
270,The British University In Egypt,"Suez Desert Road El Sherouk City، El Shorouk, Cairo Governorate 11837, Egypt",Egypt,https://www.bue.edu.eg/,Full Member,"(30.11777529999999, 31.605976, 0.0)",30.1177753,31.605976,0,POINT (31.605976 30.11777529999999)
271,The Catholic University Of Eastern Africa,"Catholic University of Eastern Africa, Bogani E Rd, Nairobi, Kenya",Kenya,https://www.cuea.edu,Full Member,"(-1.3512508, 36.7571435, 0.0)",-1.3512508,36.7571435,0,POINT (36.7571435 -1.3512508)
272,The Egyptian E-learning University,"26Q8+3PW, 33 Al Mesaha, Ad Doqi, Dokki, Giza Governorate 12611, Egypt",Egypt,http://www.eelu.edu.eg,Full Member,"(30.0377079, 31.2168788, 0.0)",30.0377079,31.2168788,0,POINT (31.2168788 30.0377079)
273,The Future University,"Tower, F-542, Prime 8A, Industrial Area, Sector 75, Sahibzada Ajit Singh Nagar, Punjab 160071, India",Sudan,http://fu.edu.sd,Associate Member,"(30.6972733, 76.6901879, 0.0)",30.6972733,76.6901879,0,POINT (76.6901879 30.6972733)
274,The Nelson Mandela African Institution Of Science And Technology Nm-ast,"New Mexico, USA",Tanzania, https://www.nm-aist.ac.tz,Full Member,"(34.9727305, -105.0323635, 0.0)",34.9727305,-105.0323635,0,POINT (-105.0323635 34.9727305)
275,The Open University Of Tanzania,"Dar es Salaam, Tanzania",Tanzania,http://www.out.ac.tz/,Full Member,"(-6.7834881, 39.2646726, 0.0)",-6.7834881,39.2646726,0,POINT (39.2646726 -6.7834881)
276,Tumaini University Makumira (tuma),"Makumira, Tanzania",Tanzania,https://makumira.ac.tz,Full Member,"(-3.371788, 36.8289451, 0.0)",-3.371788,36.8289451,0,POINT (36.8289451 -3.371788)
277,Uganda Christian University,"Plot 67-173, Bishop Tucker Road, Mukono, Uganda",Uganda,http://www.ucu.ac.ug,Full Member,"(0.3552770000000001, 32.7392386, 0.0)",0.355277,32.7392386,0,POINT (32.7392386 0.3552770000000001)
278,Uganda Management Institute,"P.O.Box 20131 K.A.R. Road, Kampala, Uganda",Uganda,http://www.umi.ac.ug/,Full Member,"(0.3209968, 32.5977149, 0.0)",0.3209968,32.5977149,0,POINT (32.5977149 0.3209968)
279,Uganda Martyrs University,"Latitude:0.003611; Longitude:32.014444, Nkozi, Uganda",Uganda,http://www.umu.ac.ug,Full Member,"(0.0, 32.0, 0.0)",0,32,0,POINT (32 0)
280,Uganda Technology And Management University,"Plot 6, Erisa Road, Kampala, Uganda",Uganda,https://utamu.ac.ug,Full Member,"(0.3217631, 32.621356, 0.0)",0.3217631,32.621356,0,POINT (32.621356 0.3217631)
281,Umaru Musa Yar'adua University,"VHXR+MHM, 820102, Batagarawa, Katsina, Nigeria",Nigeria,https://umyu.edu.ng,Full Member,"(12.892365, 7.5855215, 0.0)",12.892365,7.5855215,0,POINT (7.5855215 12.892365)
282,Umma University,"Purko Nairobi Namanga hwy Kajiado, Kenya",Kenya,http://www.umma.ac.ke,Associate Member,"(-1.778272, 36.822642, 0.0)",-1.778272,36.822642,0,POINT (36.822642 -1.778272)
283,"Unicaf University , Malawi","Unit 1 Shoppers Mall (Opposite Game & Shoprite), Area 4, Plot 67, Lilongwe, Malawi",Malawi,https://unicafuniversity.com/,Full Member,"(-13.9838847, 33.76968859999999, 0.0)",-13.9838847,33.7696886,0,POINT (33.76968859999999 -13.9838847)
284,"Unicaf University, Zambia","Plot 20842, Off Alick Nkhata Road (Opposite United Nations HQ) Longacres, Lusaka, Zambia",Zambia,https://unicafuniversity.ac.zm/,Full Member,"(-15.4132086, 28.3206967, 0.0)",-15.4132086,28.3206967,0,POINT (28.3206967 -15.4132086)
285,Uniersity Of Sinnar,"GJX4+XM5, Sennar, Sudan",Sudan,http://uofs.edu.sd,Full Member,"(13.5498828, 33.6067352, 0.0)",13.5498828,33.6067352,0,POINT (33.6067352 13.5498828)
286,United Methodist University,"859V+2X4, Ashmun St, Monrovia, Liberia",Liberia,https://umu.edu.lr,Full Member,"(6.317446299999999, -10.8048107, 0.0)",6.3174463,-10.8048107,0,POINT (-10.8048107 6.317446299999999)
287,Universidade Agostinho Neto,"374J+R8F, Sapu, Angola",Angola,http://www.uan.ao/,Full Member,"(-8.9429476, 13.2808108, 0.0)",-8.9429476,13.2808108,0,POINT (13.2808108 -8.9429476)
288,Universidade Catolica De Mozambique (ucm),Mozambique,Mozambique,http://www.ucm.ac.mz,Full Member,"(-18.665695, 35.529562, 0.0)",-18.665695,35.529562,0,POINT (35.529562 -18.665695)
289,Universidade Eduardo Mondlane,"3453 Avenida Julius Nyerere, Maputo, Mozambique",Mozambique,http://www.uem.mz/index.php,Full Member,"(-25.9521498, 32.6035601, 0.0)",-25.9521498,32.6035601,0,POINT (32.6035601 -25.9521498)
290,Universidade Jean Piaget De Cabo Verde,"Campus UniPiaget, Praia, Cabo Verde",Cape Verde,http://www.unipiaget.cv/,Associate Member,"(14.9211503, -23.5380355, 0.0)",14.9211503,-23.5380355,0,POINT (-23.5380355 14.9211503)
291,Universidade Joaquim Chissano,"5V4P+V9Q, Ponta do Ouro, Mozambique",Mozambique,https://ujc.ac.mz/,Full Member,"(-26.842777, 32.8859987, 0.0)",-26.842777,32.8859987,0,POINT (32.8859987 -26.842777)
292,Universidade Pedagogica,"2HGP+G2X, Rua Comandante Augusto Cardoso, Maputo, Mozambique",Mozambique,https://www.up.ac.mz,Full Member,"(-25.973631, 32.5851213, 0.0)",-25.973631,32.5851213,0,POINT (32.5851213 -25.973631)
293,Universidade óscar Ribas,"Rua Direita do Centro de Convenções Talatona, 35HM+75W, Luanda, Angola",Angola,https://uor.ed.ao/,Full Member,"(-8.9218823, 13.182865, 0.0)",-8.9218823,13.182865,0,POINT (13.182865 -8.9218823)
294,Universite Aube Nouvelle,"Université aube nouvelle, 1200 Logements, Ouagadougou, Burkina Faso",Burkina Faso,http://u-auben.com,Associate Member,"(12.3603063, -1.4983828, 0.0)",12.3603063,-1.4983828,0,POINT (-1.4983828 12.3603063)
295,Universite Badji Mokhtar D'annaba,"17 hassen chaouche, Annaba 23000, Algeria",Algeria,http://www.univ-annaba.org,Full Member,"(36.8691587, 7.717800899999999, 0.0)",36.8691587,7.7178009,0,POINT (7.717800899999999 36.8691587)
296,Universite Des Sciences Et De La Technologie Houari Boumediene (usthb),"Bab Ezzouar 16111, Algeria",Algeria,https://fei.usthb.dz,Full Member,"(36.7114456, 3.1833167, 0.0)",36.7114456,3.1833167,0,POINT (3.1833167 36.7114456)
297,Universite Simon Kimbangu,"M828+VJ5, Ave Bongolo, Kinshasa, Democratic Republic of the Congo",Dr Congo,Not Available,Full Member,"(-4.347854, 15.31662, 0.0)",-4.347854,15.31662,0,POINT (15.31662 -4.347854)
298,Universite Tertiaire Et Technologique Lokko,,Cote D’ivoire,http://mrs4.hosteur.com/~group546/,Full Member,"(5.2874046,-3.9742898,0.0)",5.2874046,-3.9742898,0,POINT (-3.9742898 5.2874046)
299,University For Development Studies,"Unnamed Road, Tamale, Ghana",Ghana,http://www.uds.edu.gh,Full Member,"(9.3722604, -0.8852348999999999, 0.0)",9.3722604,-0.8852349,0,POINT (-0.8852348999999999 9.3722604)
300,University Of Abuja,"Mohammed Maccido Road, Airport Rd, 900102, Abuja, Federal Capital Territory, Nigeria",Nigeria,http://uniabuja.edu.ng/,Full Member,"(8.9806983, 7.1804956, 0.0)",8.9806983,7.1804956,0,POINT (7.1804956 8.9806983)
301,"University Of Agriculture, Makurdi","University Of Agriculture Road Makurdi Benue North Bank, Makurdi 970101, Makurdi, Benue, Nigeria",Nigeria,https://uam.edu.ng,Full Member,"(7.7321865, 8.5391474, 0.0)",7.7321865,8.5391474,0,POINT (8.5391474 7.7321865)
302,University Of Aljabel El Garbi,,Libya,Not Available,Full Member,"(32.1684926,12.976803,0.0)",32.1684926,12.976803,0,POINT (12.976803 32.1684926)
303,University Of Asmara,"Asmara College of Health Sciences, Mai Bela Ave, Asmara, Eritrea",Eritrea,http://www.uoa.edu.er/,Full Member,"(15.3425304, 38.9289887, 0.0)",15.3425304,38.9289887,0,POINT (38.9289887 15.3425304)
304,University Of Bahr El Ghazal,"MXRV+QQG, Wau, South Sudan",South Sudan,https://ubg.university,Full Member,"(7.6919277, 27.9944542, 0.0)",7.6919277,27.9944542,0,POINT (27.9944542 7.6919277)
305,University Of Bahri,"السودان) الخرطوم بحري-الكدرو جنوب، QH3W+24W, Alkadroo, Sudan",Sudan,https://bahri.edu.sd,Full Member,"(15.7526018, 32.5953208, 0.0)",15.7526018,32.5953208,0,POINT (32.5953208 15.7526018)
306,University Of Bakht Er Ruda,,Sudan,http://www.bakhtalruda.edu,Full Member,"(14.0115358,32.3023696,0.0)",14.0115358,32.3023696,0,POINT (32.3023696 14.0115358)
307,University Of Bamenda,"Street one, Bamenda, Cameroon",Cameroun,http://uniba.cm,Full Member,"(5.929973299999999, 10.1699831, 0.0)",5.9299733,10.1699831,0,POINT (10.1699831 5.929973299999999)
308,University Of Benin,"P.M.B, 1154, Main Gate, Benin -Ore Rd, Uselu 300103, Benin City, Edo, Nigeria",Nigeria,http://www.uniben.edu,Full Member,"(6.3998208, 5.6098639, 0.0)",6.3998208,5.6098639,0,POINT (5.6098639 6.3998208)
309,University Of Botswana,"School Of Medicine, Plot 4775 Notwane Rd, Gaborone, Botswana",Botswana,http://www.ub.bw,Full Member,"(-24.6605376, 25.9309113, 0.0)",-24.6605376,25.9309113,0,POINT (25.9309113 -24.6605376)
310,University Of Buea,"molyko to Buea town Rd, Buea, Cameroon",Cameroun,https://www.ubuea.cm,Full Member,"(4.148890199999999, 9.2878516, 0.0)",4.1488902,9.2878516,0,POINT (9.2878516 4.148890199999999)
311,University Of Calabar,"Calabar, Cross River, Nigeria",Nigeria,http://www.unical.edu.ng/,Full Member,"(4.9757165, 8.3417006, 0.0)",4.9757165,8.3417006,0,POINT (8.3417006 4.9757165)
312,University Of Cape Coast,"New Administration Block, Cape Coast, Ghana",Ghana,http://www.ucc.edu.gh,Full Member,"(5.1154645, -1.2908544, 0.0)",5.1154645,-1.2908544,0,POINT (-1.2908544 5.1154645)
313,University Of Cape Town,"Rondebosch, Cape Town, 7700, South Africa",South Africa,http://www.uct.ac.za,Full Member,"(-33.957652, 18.4611991, 0.0)",-33.957652,18.4611991,0,POINT (18.4611991 -33.957652)
314,University Of Dalanj,"3M67+85G, Dilling, Sudan",Sudan,http://www.dalanjuniversity.edu.sd,Full Member,"(12.0608199, 29.6629541, 0.0)",12.0608199,29.6629541,0,POINT (29.6629541 12.0608199)
315,University Of Dar Es Salaam,"Dar es Salaam, Tanzania",Tanzania,http://www.udsm.ac.tz,Full Member,"(-6.8165054, 39.2894367, 0.0)",-6.8165054,39.2894367,0,POINT (39.2894367 -6.8165054)
316,University Of Dodoma,"Kikuyu Avenue, Dodoma, Tanzania",Tanzania,https://www.udom.ac.tz,Full Member,"(-6.2042256, 35.7977164, 0.0)",-6.2042256,35.7977164,0,POINT (35.7977164 -6.2042256)
317,"University Of Education, Winneba","1277 I.P.T Rd, Kumasi, Ghana",Ghana,http://www.uew.edu.gh,Full Member,"(6.6970452, -1.6811416, 0.0)",6.6970452,-1.6811416,0,POINT (-1.6811416 6.6970452)
318,University Of Eldoret,"Lembus elgeyo road University of Eldoret premises, Eldama Ravine, Kenya",Kenya, http://uoeld.ac.ke,Full Member,"(0.5207609, 35.2762321, 0.0)",0.5207609,35.2762321,0,POINT (35.2762321 0.5207609)
319,University Of Energy And Natural Resources,"Post Office Box 214, Sunyani, Ghana",Ghana,https://uenr.edu.gh,Full Member,"(7.349228399999999, -2.343367, 0.0)",7.3492284,-2.343367,0,POINT (-2.343367 7.349228399999999)
320,University Of Eswatini,"G8C4+9P8, Kwaluseni, Eswatini",Eswatini,http://www.uniswa.sz/,Full Member,"(-26.4790864, 31.3068429, 0.0)",-26.4790864,31.3068429,0,POINT (31.3068429 -26.4790864)
321,University Of Fort Hare,"University of Fort Hare Alice Campus, Ring Road, Alice, 5700, South Africa",South Africa,http://www.ufh.ac.za,Full Member,"(-32.7858616, 26.84589, 0.0)",-32.7858616,26.84589,0,POINT (26.84589 -32.7858616)
322,University Of Garyounis,"3332+MV4, Benghazi, Libya",Libya,http://www.garyounis.edu,Full Member,"(32.0541343, 20.0521888, 0.0)",32.0541343,20.0521888,0,POINT (20.0521888 32.0541343)
323,University Of Gezira,"9GPH+8Q7, Wad Madani, Sudan",Sudan,http://uofg.edu.sd/,Full Member,"(14.3857952, 33.5294074, 0.0)",14.3857952,33.5294074,0,POINT (33.5294074 14.3857952)
324,University Of Ghana,"Legon Boundary, Accra, Ghana",Ghana,http://www.ug.edu.gh,Full Member,"(5.650562, -0.1962244, 0.0)",5.650562,-0.1962244,0,POINT (-0.1962244 5.650562)
325,University Of Global Health Equity,"Kigali, Rwanda",Rwanda,ughe.org,Full Member,"(-1.9529985, 30.0929223, 0.0)",-1.9529985,30.0929223,0,POINT (30.0929223 -1.9529985)
326,University Of Hargeisa,"PEPSI Road, G2WW+HWV, Hargeysa, Somalia",Somalia,http://huniversity.net/,Full Member,"(9.5464769, 44.0473085, 0.0)",9.5464769,44.0473085,0,POINT (44.0473085 9.5464769)
327,University Of Health And Allied Sciences,"Hohoe, Ghana",Ghana,https://www.uhas.edu.gh,Full Member,"(7.158873799999999, 0.4725953, 0.0)",7.1588738,0.4725953,0,POINT (0.4725953 7.158873799999999)
328,University Of Ibadan,"Oduduwa Road, 200132, Ibadan, Oyo, Nigeria",Nigeria,http://www.ui.edu.ng,Full Member,"(7.443309999999999, 3.900317, 0.0)",7.44331,3.900317,0,POINT (3.900317 7.443309999999999)
329,University Of Ilorin,"P.M.B, 1515, 240102, Ilorin, Kwara, Nigeria",Nigeria,http://www.unilorin.edu.ng/index.php/en/,Full Member,"(8.4858957, 4.674583, 0.0)",8.4858957,4.674583,0,POINT (4.674583 8.4858957)
330,University Of Johannesburg,"Johannesburg, South Africa",South Africa,http://www.uj.ac.za,Full Member,"(-26.2041028, 28.0473051, 0.0)",-26.2041028,28.0473051,0,POINT (28.0473051 -26.2041028)
331,University Of Jos,"Bauchi Rd, 930105, Jos, Plateau, Nigeria",Nigeria,http://www.unijos.edu.ng,Full Member,"(9.9486647, 8.891098099999999, 0.0)",9.9486647,8.8910981,0,POINT (8.891098099999999 9.9486647)
332,University Of Juba,"University Road, Juba, South Sudan",South Sudan,http://juba.edu.sd,Full Member,"(4.8409282, 31.59049989999999, 0.0)",4.8409282,31.5904999,0,POINT (31.59049989999999 4.8409282)
333,University Of Khartoum,"JG5R+WXF, Khartoum, Sudan",Sudan,http://www.uofk.edu/,Full Member,"(15.6098211, 32.5424286, 0.0)",15.6098211,32.5424286,0,POINT (32.5424286 15.6098211)
334,University Of Kordofan,"Unnamed Road, الأبيض‎،، 56F6+X8M, Al Ubayyid, Sudan",Sudan,http://www.kordofan.edu.sd/,Full Member,"(13.1749677, 30.2107924, 0.0)",13.1749677,30.2107924,0,POINT (30.2107924 13.1749677)
335,University Of Kwazulu-natal,"238 Mazisi Kunene Rd, Glenwood, Durban, 4041, South Africa",South Africa,http://www.ukzn.ac.za,Full Member,"(-29.8674219, 30.9807272, 0.0)",-29.8674219,30.9807272,0,POINT (30.9807272 -29.8674219)
336,University Of Lagos,"University of Lagos, University Road Lagos Mainland Akoka, Yaba 101245, Lagos, Nigeria",Nigeria,http://www.unilag.edu/,Full Member,"(6.515759, 3.3898447, 0.0)",6.515759,3.3898447,0,POINT (3.3898447 6.515759)
337,University Of Liberia,"76X3+MX3, Monrovia, Liberia",Liberia,https://ul.edu.lr,Full Member,"(6.299137399999999, -10.7950732, 0.0)",6.2991374,-10.7950732,0,POINT (-10.7950732 6.299137399999999)
338,University Of Lusaka,"Plot No 37413 Off Alick Nkata Road Mass Media Lusaka ZM, Lusaka 10101, Zambia",Zambia,https://www.unilus.ac.zm,Full Member,"(-15.4133086, 28.3214973, 0.0)",-15.4133086,28.3214973,0,POINT (28.3214973 -15.4133086)
339,University Of Maiduguri,"University of Maiduguri, 1069 Bama - Maiduguri Rd, 600104, Maiduguri, Borno, Nigeria",Nigeria,http://www.unimaid.edu.ng/,Full Member,"(11.8024227, 13.1930878, 0.0)",11.8024227,13.1930878,0,POINT (13.1930878 11.8024227)
340,University Of Malawi,"Zomba, Malawi",Malawi,http://www.unima.mw/,Full Member,"(-15.3892358, 35.3372455, 0.0)",-15.3892358,35.3372455,0,POINT (35.3372455 -15.3892358)
341,University Of Mauritius,"Reduit MU, Moka 80837, Mauritius",Mauritius,http://www.uom.ac.mu,Full Member,"(-20.2349416, 57.4962994, 0.0)",-20.2349416,57.4962994,0,POINT (57.4962994 -20.2349416)
342,"University Of Mines And Technology, Tarkwa","72X2+P2Q, Tarkwa - Esiama Rd, Tarkwa, Ghana",Ghana,http://umat.edu.gh/,Full Member,"(5.2984262, -2.0012774, 0.0)",5.2984262,-2.0012774,0,POINT (-2.0012774 5.2984262)
343,University Of Nairobi,"Nairobi, Kenya",Kenya,http://www.uonbi.ac.ke/,Full Member,"(-1.2920659, 36.8219462, 0.0)",-1.2920659,36.8219462,0,POINT (36.8219462 -1.2920659)
344,University Of Namibia,"93Q5+48Q, Windhoek, Namibia",Namibia,http://www.unam.edu.na/,Full Member,"(-22.6121691, 17.0583726, 0.0)",-22.6121691,17.0583726,0,POINT (17.0583726 -22.6121691)
345,"University Of Nigeria, Nsukka","Obukpa Rd, 410105, Nsukka, Enugu, Nigeria",Nigeria,http://www.unn.edu.ng,Full Member,"(6.866601999999999, 7.411526299999998, 0.0)",6.866602,7.4115263,0,POINT (7.411526299999998 6.866601999999999)
346,University Of Nyala,"3V5V+73P, A43, Nyala, Sudan",Sudan,https://nyalau.edu.sd/,Full Member,"(12.0582244, 24.8927185, 0.0)",12.0582244,24.8927185,0,POINT (24.8927185 12.0582244)
347,University Of Port Harcourt,"Abuja campus, university of, local government, 500272, Port Harcourt, Rivers, Nigeria",Nigeria,http://www.uniport.edu.ng,Full Member,"(4.9069911, 6.916194399999999, 0.0)",4.9069911,6.9161944,0,POINT (6.916194399999999 4.9069911)
348,University Of Pretoria,"Lynnwood Rd, Hatfield, Pretoria, 0002, South Africa",South Africa,http://www.up.ac.za,Full Member,"(-25.7545492, 28.2314476, 0.0)",-25.7545492,28.2314476,0,POINT (28.2314476 -25.7545492)
349,University Of Professional Studies (ups),"New Rd, Madina, Ghana",Ghana,https://upsa.edu.gh,Full Member,"(5.660528999999999, -0.1658758, 0.0)",5.660529,-0.1658758,0,POINT (-0.1658758 5.660528999999999)
350,University Of Rwanda,"RN1 university of Rwanda Huye campus, Butare, Rwanda",Rwanda,http://www.nur.ac.rw,Full Member,"(-2.6154291, 29.7428526, 0.0)",-2.6154291,29.7428526,0,POINT (29.7428526 -2.6154291)
351,University Of Sadat City,"محور الخدمات المركزي، 9F9W+VWQ, El Sadat City Desert, Menofia Governorate 32897, Egypt",Egypt,https://www.usc.edu.eg,Full Member,"(30.3697208, 30.4973589, 0.0)",30.3697208,30.4973589,0,POINT (30.4973589 30.3697208)
352,University Of Science And Technology,,Sudan,http://www.sustech.edu/,Full Member,"(15.6714696,32.2632312,0.0)",15.6714696,32.2632312,0,POINT (32.2632312 15.6714696)
353,University Of Sierra Leone,"Barham Road, Southern Central, 00232, Freetown, Sierra Leone",Sierra Leone,http://usl.edu.sl/,Full Member,"(8.4770089, -13.2214709, 0.0)",8.4770089,-13.2214709,0,POINT (-13.2214709 8.4770089)
354,University Of Somalia,"KM4, Mogadishu, Somalia",Somalia,http://www.uniso.edu.so/,Full Member,"(2.0343372, 45.3083677, 0.0)",2.0343372,45.3083677,0,POINT (45.3083677 2.0343372)
355,University Of South Africa,"Preller St, Muckleneuk, Pretoria, 0002, South Africa",South Africa,http://www.unisa.ac.za,Full Member,"(-25.7676604, 28.1992624, 0.0)",-25.7676604,28.1992624,0,POINT (28.1992624 -25.7676604)
356,University Of Stellenbosch,"Stellenbosch Central, Stellenbosch, South Africa",South Africa,http://www.sun.ac.za,Full Member,"(-33.9328078, 18.864447, 0.0)",-33.9328078,18.864447,0,POINT (18.864447 -33.9328078)
357,"University Of Technology, Mauritius","Ave De La Concorde, Port Louis, Mauritius",Mauritius,http://www.utm.ac.mu/,Full Member,"(-20.1767687, 57.46666690000001, 0.0)",-20.1767687,57.4666669,0,POINT (57.46666690000001 -20.1767687)
358,University Of The Free State,"205 Nelson Mandela Dr, Park West, Bloemfontein, 9301, South Africa",South Africa,http://www.ufs.ac.za,Full Member,"(-29.1075973, 26.1924506, 0.0)",-29.1075973,26.1924506,0,POINT (26.1924506 -29.1075973)
359,University Of The Gambia,"F86F+484, Serrekunda, The Gambia",The Gambia,https://www.utg.edu.gm,Full Member,"(13.4602512, -16.6766847, 0.0)",13.4602512,-16.6766847,0,POINT (-16.6766847 13.4602512)
360,University Of The Holy Qur'an And Re-origination Of Sciences,,Sudan,http://www.quran-unv.edu.sd/,Full Member,"(15.6206313,32.4884102,0.0)",15.6206313,32.4884102,0,POINT (32.4884102 15.6206313)
361,University Of The Western Cape,"Robert Sobukwe Rd, Bellville, Cape Town, 7535, South Africa",South Africa,https://www.uwc.ac.za,Full Member,"(-33.9335203, 18.627958, 0.0)",-33.9335203,18.627958,0,POINT (18.627958 -33.9335203)
362,University Of Uyo,"Univ of Uyo, 520103, Uyo, Akwa Ibom, Nigeria",Nigeria,http://www.uniuyo.edu.ng,Full Member,"(5.028093399999999, 7.9787992, 0.0)",5.0280934,7.9787992,0,POINT (7.9787992 5.028093399999999)
363,University Of Venda For Science & Technology,"University Rd, Thohoyandou, 0950, South Africa",South Africa,http://www.univen.ac.za,Full Member,"(-22.9761353, 30.44647969999999, 0.0)",-22.9761353,30.4464797,0,POINT (30.44647969999999 -22.9761353)
364,University Of Western Kordufan,"West Kordofan, Sudan",Sudan,http://www.wku.edu.sd,Full Member,"(11.6452819, 28.299435, 0.0)",11.6452819,28.299435,0,POINT (28.299435 11.6452819)
365,University Of Witwatersrand,"1 Jan Smuts Ave, Braamfontein, Johannesburg, 2017, South Africa",South Africa,http://www.wits.ac.za,Full Member,"(-26.1928836, 28.0304733, 0.0)",-26.1928836,28.0304733,0,POINT (28.0304733 -26.1928836)
366,University Of Zalingei,WF4C+JC3، زالنجي،، Sudan,Sudan,http://zalingei.edu.sd,Full Member,"(12.9065183, 23.4710509, 0.0)",12.9065183,23.4710509,0,POINT (23.4710509 12.9065183)
367,University Of Zambia,"University of Zambia Great East Road Campus, Lusaka, Zambia",Zambia,http://www.unza.zm,Full Member,"(-15.392315, 28.3284985, 0.0)",-15.392315,28.3284985,0,POINT (28.3284985 -15.392315)
368,University Of Zimbabwe,"630 Churchill Ave, Harare, Zimbabwe",Zimbabwe,http://www.uz.ac.zw,Full Member,"(-17.7823932, 31.0546441, 0.0)",-17.7823932,31.0546441,0,POINT (31.0546441 -17.7823932)
369,Université Abdou Moumouni,"Université Abdou Moumouni de Niamey, Niamey, Niger",Niger,https://www.uam.edu.ne/,Full Member,"(13.5033351, 2.0831313, 0.0)",13.5033351,2.0831313,0,POINT (2.0831313 13.5033351)
370,Université Africaine De Développement Coopératif,,Benin,http://www.uadc-aucd.org,Full Member,"(6.3625575,2.4592262,0.0)",6.3625575,2.4592262,0,POINT (2.4592262 6.3625575)
371,Université Catholique De Bukavu,"FRXX+G74, Bukavu, Democratic Republic of the Congo",Dr Congo,https://ucbukavu.ac.cd,Full Member,"(-2.5012326, 28.8482105, 0.0)",-2.5012326,28.8482105,0,POINT (28.8482105 -2.5012326)
372,Université Catholique Du Congo,"M85G+G9W, Av. de l'Université, Kinshasa, Democratic Republic of the Congo",Dr Congo,http://www.ucc.ac.cd,Full Member,"(-4.341141299999999, 15.3259565, 0.0)",-4.3411413,15.3259565,0,POINT (15.3259565 -4.341141299999999)
373,"Université Centrale, Tunisia","3 Rue Hammadi Fareh, Eljaziri 1002, Tunisia",Tunisia,http://www.universitecentrale.net/,Full Member,"(36.8174452, 10.1830417, 0.0)",36.8174452,10.1830417,0,POINT (10.1830417 36.8174452)
374,Université Cheikh Anta Diop De Dakar,"Dakar 10700, Senegal",Sénégal,http://www.ucad.sn,Full Member,"(14.6941411, -17.4712464, 0.0)",14.6941411,-17.4712464,0,POINT (-17.4712464 14.6941411)
375,Université D'abomey-calavi,"Université d, Abomey Calavi, Benin",Benin,https://uac.bj/,Full Member,"(6.4130104, 2.3449665, 0.0)",6.4130104,2.3449665,0,POINT (2.3449665 6.4130104)
376,Université D'alger,"2 Rue Didouche Mourad, Alger Ctre 16000, Algeria",Algeria,http://www.univ-alger.dz,Full Member,"(36.7706369, 3.0553281, 0.0)",36.7706369,3.0553281,0,POINT (3.0553281 36.7706369)
377,Université D'antananarivo,"Présidence de l'Université d'Antananarivo: BP 566 Antananarivo, Antananarivo 101, Madagascar",Madagascar,http://www.univ-antananarivo.mg/,Full Member,"(-18.914032, 47.55181169999999, 0.0)",-18.914032,47.5518117,0,POINT (47.55181169999999 -18.914032)
378,Université D'oran,"J9PM+WXG, Es Senia, Algeria",Algeria,http://www.univ-oran.dz/,Full Member,"(35.6373208, -0.6150587, 0.0)",35.6373208,-0.6150587,0,POINT (-0.6150587 35.6373208)
379,Université De Bamako,"J287+PM5, Bamako, Mali",Mali,Not Available,Full Member,"(12.6166707, -7.985648299999999, 0.0)",12.6166707,-7.9856483,0,POINT (-7.985648299999999 12.6166707)
380,Université De Bangui,"9HH6+4P7, Av. des Martyrs, Bangui, Central African Republic",Central Africa Repub,http://www.univ-bangui.org/,Full Member,"(4.3777962, 18.561802, 0.0)",4.3777962,18.561802,0,POINT (18.561802 4.3777962)
381,Université De Douala,"Carrefour Ange Raphaël, Douala, Cameroon",Cameroun,http://www.univ-douala.com/,Full Member,"(4.0558562, 9.7342639, 0.0)",4.0558562,9.7342639,0,POINT (9.7342639 4.0558562)
382,Université De Dschang,"B.P. 96 Dschang, Cameroun Colline de Foto, Dschang, Cameroon",Cameroun,http://www.univ-dschang.org/,Full Member,"(5.445332899999999, 10.0467003, 0.0)",5.4453329,10.0467003,0,POINT (10.0467003 5.445332899999999)
383,Université De Fianarantsoa,"301, Fianarantsoa, Madagascar",Madagascar,http://www.univ-fianar.mg,Full Member,"(-21.4617858, 47.1118573, 0.0)",-21.4617858,47.1118573,0,POINT (47.1118573 -21.4617858)
384,Université De Kara,"N.19, Kara-Togo, Togo",Togo,https://www.univ-kara.tg,Full Member,"(9.5316944, 1.2075347, 0.0)",9.5316944,1.2075347,0,POINT (1.2075347 9.5316944)
385,Université De Kinshasa,"H8J5+6PX, Kinshasa, Democratic Republic of the Congo",Dr Congo,https://www.unikin.ac.cd,Full Member,"(-4.419397, 15.3093735, 0.0)",-4.419397,15.3093735,0,POINT (15.3093735 -4.419397)
386,Université De Kisangani,"G57G+GGG, R408, Kisangani, Democratic Republic of the Congo",Dr Congo,http://www.unikis.ac.cd,Full Member,"(0.5138171, 25.1763175, 0.0)",0.5138171,25.1763175,0,POINT (25.1763175 0.5138171)
387,Université De Lomé,"01 BP 1515, Lomé, Togo",Togo,https://univ-lome.tg,Full Member,"(6.1759895, 1.2149221, 0.0)",6.1759895,1.2149221,0,POINT (1.2149221 6.1759895)
388,Université De Lubumbashi,"9F8M+XC9 Universite de Lubumbashi, Route de Kasapa, Lubumbashi, Democratic Republic of the Congo",Dr Congo,http://www.unilu.ac.cd/,Full Member,"(-11.6324718, 27.483442, 0.0)",-11.6324718,27.483442,0,POINT (27.483442 -11.6324718)
389,Université De Maroua,"JCR8+423, Maroua, Cameroon",Cameroun,http://www.uni-maroua.com/,Full Member,"(10.6402546, 14.4150459, 0.0)",10.6402546,14.4150459,0,POINT (14.4150459 10.6402546)
390,Université De N'djamena,"425W+HXM, N'Djamena, Chad",Tchad,https://www.universite-ndjamena.td,Full Member,"(12.1089651, 15.0474232, 0.0)",12.1089651,15.0474232,0,POINT (15.0474232 12.1089651)
391,Université De Ngaoundéré,"454, Ngaoundéré, Cameroon",Cameroun,http://www.univ-ndere.cm/,Full Member,"(7.4214578, 13.5406953, 0.0)",7.4214578,13.5406953,0,POINT (13.5406953 7.4214578)
392,Université De Nouakchott,"Presidence de l'Universite de Av. du Roi Faiçal, Nouakchott, Mauritania",Mauritania,http://www.univ-nkc.mr,Full Member,"(18.0889146, -15.9690927, 0.0)",18.0889146,-15.9690927,0,POINT (-15.9690927 18.0889146)
393,Université De Parakou,"CDE Rd, Parakou, Benin",Benin,http://www.univ-parakou.bj/,Full Member,"(9.3351014, 2.6466933, 0.0)",9.3351014,2.6466933,0,POINT (2.6466933 9.3351014)
394,Université De Toamasina,"Building B, door, CUR Barikadimy, 4th, Toamasina 501, Madagascar",Madagascar,http://www.univ-toamasina.mg,Full Member,"(-18.133839, 49.3771357, 0.0)",-18.133839,49.3771357,0,POINT (49.3771357 -18.133839)
395,Université De Yaoundé 1,"812, Yaoundé, Cameroon",Cameroun,http://www.uy1.uninet.cm/,Full Member,"(3.8309554, 11.497, 0.0)",3.8309554,11.497,0,POINT (11.497 3.8309554)
396,Université De Zinder,"Zinder, Niger",Niger,Not Available,Full Member,"(13.8018124, 8.98527, 0.0)",13.8018124,8.98527,0,POINT (8.98527 13.8018124)
397,Université Des Sciences & Techniques De Masuku,"901, Franceville, Gabon",Gabon,http://univ-masuku.org,Full Member,"(-1.63046, 13.552235, 0.0)",-1.63046,13.552235,0,POINT (13.552235 -1.63046)
398,Université Des Sciences Et De La Technologie D'oran,"El Mnaouar، BP 1505, Bir El Djir 31000, Algeria",Algeria,http://www.univ-usto.dz,Full Member,"(35.7079001, -0.5789849, 0.0)",35.7079001,-0.5789849,0,POINT (-0.5789849 35.7079001)
399,Université Des Sciences Islamiques,"Université des Sciences Islamique, El Magharia, Algeria",Algeria,http://www.univ-emir.dz/,Full Member,"(36.7334501, 3.1167698, 0.0)",36.7334501,3.1167698,0,POINT (3.1167698 36.7334501)
400,Université Du 7 Novembre A Carthage,,Tunisia,http://www.universites.tn,Full Member,"(36.878197,10.2264602,0.0)",36.878197,10.2264602,0,POINT (10.2264602 36.878197)
401,Université Du Burundi,"J9CM+CGG, Boulevard Mwezi Gisabo, Bujumbura, Burundi",Burundi,http://www.ub.edu.bi,Full Member,"(-3.3789351, 29.3838265, 0.0)",-3.3789351,29.3838265,0,POINT (29.3838265 -3.3789351)
402,Université Félix Houphouët-boigny,"Abidjan, Côte d'Ivoire",Côte D'ivoire,https://www.univ-fhb.edu.ci,Full Member,"(5.3492108, -3.9884696, 0.0)",5.3492108,-3.9884696,0,POINT (-3.9884696 5.3492108)
403,Université Gaston Berger De Saint-louis,"Université Gaston berger, Dakar, Senegal",Sénégal,http://www.ugb.sn,Full Member,"(16.0615636, -16.4224667, 0.0)",16.0615636,-16.4224667,0,POINT (-16.4224667 16.0615636)
404,Université Joseph Ki-zerbo,"CFX2+7R6, Ouagadougou, Burkina Faso",Burkina Faso,https://www.univ-ouaga1.gov.bf,Full Member,"(12.4481531, -1.547999, 0.0)",12.4481531,-1.547999,0,POINT (-1.547999 12.4481531)
405,Université Kasdi Merbah Ouargla,"Ave 1er Novembre 1954, Ouargla 30000, Algeria",Algeria,http://www.univ-ouargla.dz/,Full Member,"(31.9415859, 5.3068989, 0.0)",31.9415859,5.3068989,0,POINT (5.3068989 31.9415859)
406,Université Larbi Ben M’hidi De Oum El Bouaghi,"N10, Oum El Bouaghi 04000, Algeria",Algeria,http://www.univ-oeb.dz/,Full Member,"(35.8780091, 7.090309, 0.0)",35.8780091,7.090309,0,POINT (7.090309 35.8780091)
407,Université Marien Ngouabi,"Ave des Premiers Jeux Africains, Brazzaville, Republic of the Congo",Congo,https://www.umng.cg,Full Member,"(-4.2765748, 15.2500638, 0.0)",-4.2765748,15.2500638,0,POINT (15.2500638 -4.2765748)
408,Université Mentouiri De Constantine,"RN79, Constantine, Algeria",Algeria,http://www.cerist.dz,Full Member,"(36.3409251, 6.6204727, 0.0)",36.3409251,6.6204727,0,POINT (6.6204727 36.3409251)
409,Université Mohammed I,,Morocco,http://www.ump.ma/,Full Member,"(33.9934981,-6.8562091,0.0)",33.9934981,-6.8562091,0,POINT (-6.8562091 33.9934981)
410,Université Mohammed V Souissi,,Morocco,http://www.um5.ac.ma/um5,Full Member,"(33.9879177,-6.8680292,0.0)",33.9879177,-6.8680292,0,POINT (-6.8680292 33.9879177)
411,"Université Mohammed V, Agdal","Agdal-Ryad, Rabat, Morocco",Morocco,http://www.um5a.ac.ma,Full Member,"(33.9933499, -6.848500899999999, 0.0)",33.9933499,-6.8485009,0,POINT (-6.848500899999999 33.9933499)
412,Université Nangui Abrogoua,"A. d'Abobo, Abidjan, Côte d'Ivoire",Côte D'ivoire,https://www.univ-na.ci,Full Member,"(5.3892554, -4.0191043, 0.0)",5.3892554,-4.0191043,0,POINT (-4.0191043 5.3892554)
413,Université Nazi Boni,"5M7V+XW9, Bobo-Dioulasso, Burkina Faso",Burkina Faso,https://www.univ-bobo.gov.bf/,Full Member,"(11.1649219, -4.3051542, 0.0)",11.1649219,-4.3051542,0,POINT (-4.3051542 11.1649219)
414,Université Nord Madagascar,"P894+6H7, Unnamed Road, Antsiranana, Madagascar",Madagascar,Not Available,Full Member,"(-12.2819627, 49.3064147, 0.0)",-12.2819627,49.3064147,0,POINT (49.3064147 -12.2819627)
415,Université Omar Bongo,,Gabon,Not Available,Full Member,"(0.418894,9.4450303,0.0)",0.418894,9.4450303,0,POINT (9.4450303 0.418894)
416,Université Pelefero Gon Coulibaly,,Côte D'ivoire,https://univ-pgc.edu.ci,Full Member,"(9.426598,-5.6313607,0.0)",9.426598,-5.6313607,0,POINT (-5.6313607 9.426598)
417,Université Polytechnique De Bobo-dioulasso,"Dindéresso, Burkina Faso",Burkina Faso,http://www.univ-bobo.bf/,Full Member,"(11.2099242, -4.4194729, 0.0)",11.2099242,-4.4194729,0,POINT (-4.4194729 11.2099242)
418,Université Quaraouyine Fes,"327G+XMC, Fes, Morocco",Morocco,http://uaq.ma,Full Member,"(34.0649299, -4.9733667, 0.0)",34.0649299,-4.9733667,0,POINT (-4.9733667 34.0649299)
419,Universit� Loyola Du Congo,"G7WQ+FG4, Kinshasa, Democratic Republic of the Congo",Democratic Republic The Congo,https://loyola.cd,Associate Membership,"(-4.4538628, 15.288818, 0.0)",-4.4538628,15.288818,0,POINT (15.288818 -4.4538628)
420,Upper Nile University,"HM25+8XV, Malakal, South Sudan",South Sudan,Not Available,Full Member,"(9.5508577, 31.6599369, 0.0)",9.5508577,31.6599369,0,POINT (31.6599369 9.5508577)
421,Usmanu Dan Fodiyo University,"840104, Sokoto, Nigeria",Nigeria,http://www.udusok.edu.ng,Full Member,"(13.1246469, 5.199370399999999, 0.0)",13.1246469,5.1993704,0,POINT (5.199370399999999 13.1246469)
422,Valley View University,,Ghana,https://vvu.edu.gh,Full Member,"(6.663073,-2.8377342,0.0)",6.663073,-2.8377342,0,POINT (-2.8377342 6.663073)
423,Wad Medani Ahlia College,"Wad Madani, Sudan",Sudan,www.wadmedani-ahlia.edu.sd,Full Member,"(14.393082, 33.5392081, 0.0)",14.393082,33.5392081,0,POINT (33.5392081 14.393082)
424,Walter Sisulu University,,South Africa,https://www.wsu.ac.za,Full Member,"(5.7587909,-0.2234924,0.0)",5.7587909,-0.2234924,0,POINT (-0.2234924 5.7587909)
425,"Wisconsin International University College, Ghana",Ghana,Ghana,https://wiuc-ghana.edu.gh,Full Member,"(5.670433000000001, -0.1893348, 0.0)",5.670433,-0.1893348,0,POINT (-0.1893348 5.670433000000001)
426,Wollega University,"3HJM+93J, Nekemte, Ethiopia",Ethiopia,https://www.wollegalibrary.com,Full Member,"(9.0809651, 36.5826542, 0.0)",9.0809651,36.5826542,0,POINT (36.5826542 9.0809651)
427,Women’s University In Africa,"549 Arcturus Road, Harare, Zimbabwe",Zimbabwe,http://www.wua.ac.zw,Associate Member,"(-17.8172384, 31.1841144, 0.0)",-17.8172384,31.1841144,0,POINT (31.1841144 -17.8172384)
428,Yaba College Of Technology,"Pen cinema, Agege, Agege 102212, Lagos, Nigeria",Nigeria,https://www.yabatech.edu.ng,Associate Member,"(6.617226, 3.3200468, 0.0)",6.617226,3.3200468,0,POINT (3.3200468 6.617226)
429,Zagazig University,"HFQM+872, Shaibet an Nakareyah, Zagazig 2, Ash Sharqia Governorate 7120001, Egypt",Egypt,http://english.zu.edu.eg/,Full Member,"(30.5882724, 31.4831525, 0.0)",30.5882724,31.4831525,0,POINT (31.4831525 30.5882724)
430,Zambeze University,"5V97+4XJ, Beira, Mozambique",Mozambique,https://www.gfar.net,Full Member,"(-19.8321623, 34.864894, 0.0)",-19.8321623,34.864894,0,POINT (34.864894 -19.8321623)
431,Zambia Forestry College,"Kitwe, 49V4+WHV, Mwekera, Zambia",Zambia,https://www.mlnr.gov.zm,Associate Member,"(-12.8551272, 28.3564218, 0.0)",-12.8551272,28.3564218,0,POINT (28.3564218 -12.8551272)
432,Zambian Open University,"H693+Q88, Zambia",Zambia,https://zaou.ac.zm,Full Member,"(-15.4305891, 28.2033435, 0.0)",-15.4305891,28.2033435,0,POINT (28.2033435 -15.4305891)
433,Zamzam University Of Science & Technology,"4MMJ+VQ7, Somalia",Somalia,http://zust.edu.so,Full Member,"(3.1346698, 43.68192, 0.0)",3.1346698,43.68192,0,POINT (43.68192 3.1346698)
434,Zanzibar University,"Tunguu, Tanzania",Tanzania,http://zanvarsity.ac.tz,Full Member,"(-6.2246844, 39.3124074, 0.0)",-6.2246844,39.3124074,0,POINT (39.3124074 -6.2246844)
435,Zawia University,"Az-Zāwiyah, Libya",Libya,https://zu.edu.ly,Full Member,"(32.7627043, 12.7486521, 0.0)",32.7627043,12.7486521,0,POINT (12.7486521 32.7627043)
436,Zenith University College,"Accra, Ghana",Ghana,https://zucghana.org,Full Member,"(5.5726507, -0.1435947, 0.0)",5.5726507,-0.1435947,0,POINT (-0.1435947 5.5726507)
437,Zimbabwe Council For Higher Education,Zimbabwe,Zimbabwe,http://www.zimche.ac.zw,Associate Member,"(-19.015438, 29.154857, 0.0)",-19.015438,29.154857,0,POINT (29.154857 -19.015438)
438,Zimbabwe Open University,"836R+GH5, Alpes Rd, Harare, Zimbabwe",Zimbabwe,http://www.zou.ac.zw,Full Member,"(-17.6887391, 31.0914758, 0.0)",-17.6887391,31.0914758,0,POINT (31.0914758 -17.6887391)
439,école Nationale Supérieure De Statistique Et D'économie Appliquée,,CÔte D'ivoire,http://www.ensea.ed.ci modifier - modifier le code,Full Member,"(5.3493047,-3.9919415,0.0)",5.3493047,-3.9919415,0,POINT (-3.9919415 5.3493047)